[2026-08-08 11:39:19] Generating rich multi-retailer catalog across Ajio, Myntra, and Max Fashion...
[2026-08-08 11:39:19] Generated 308 catalog items across 5 categories.
[2026-08-08 11:39:19] Computing Fashion-CLIP embeddings for catalog items...
[2026-08-08 11:39:19] Embedding error for product dress_001: 'BaseModelOutputWithPooling' object has no attribute 'norm'
[2026-08-08 11:39:19] Embedding error for product dress_001_v1: 'BaseModelOutputWithPooling' object has no attribute 'norm'
[2026-08-08 11:39:19] Embedding error for product dress_001_v2: 'BaseModelOutputWithPooling' object has no attribute 'norm'
[2026-08-08 11:39:19] Embedding error for product dress_001_v3: 'BaseModelOutputWithPooling' object has no attribute 'norm'
[2026-08-08 11:39:19] Embedding error for product dress_001_v4: 'BaseModelOutputWithPooling' object has no attribute 'norm'
[2026-08-08 11:39:19] Embedding error for product dress_001_v5: 'BaseModelOutputWithPooling' object has no attribute 'norm'
[2026-08-08 11:39:19] Embedding error for product dress_001_v6: 'BaseModelOutputWithPooling' object has no attribute 'norm'
[2026-08-08 11:39:19] Embedding error for product dress_002: 'BaseModelOutputWithPooling' object has no attribute 'norm'
[2026-08-08 11:39:19] Embedding error for product dress_002_v1: 'BaseModelOutputWithPooling' object has no attribute 'norm'
[2026-08-08 11:39:19] Embedding error for product dress_002_v2: 'BaseModelOutputWithPooling' object has no attribute 'norm'
[2026-08-08 11:39:19] Embedding error for product dress_002_v3: 'BaseModelOutputWithPooling' object has no attribute 'norm'
[2026-08-08 11:39:20] Embedding error for product dress_002_v4: 'BaseModelOutputWithPooling' object has no attribute 'norm'
[2026-08-08 11:39:20] Embedding error for product dress_002_v5: 'BaseModelOutputWithPooling' object has no attribute 'norm'
[2026-08-08 11:39:20] Embedding error for product dress_002_v6: 'BaseModelOutputWithPooling' object has no attribute 'norm'
[2026-08-08 11:39:20] Embedding error for product dress_003: 'BaseModelOutputWithPooling' object has no attribute 'norm'
[2026-08-08 11:39:20] Embedding error for product dress_003_v1: 'BaseModelOutputWithPooling' object has no attribute 'norm'
[2026-08-08 11:39:20] Embedding error for product dress_003_v2: 'BaseModelOutputWithPooling' object has no attribute 'norm'
[2026-08-08 11:39:20] Embedding error for product dress_003_v3: 'BaseModelOutputWithPooling' object has no attribute 'norm'
[2026-08-08 11:39:20] Embedding error for product dress_003_v4: 'BaseModelOutputWithPooling' object has no attribute 'norm'
[2026-08-08 11:39:20] Embedding error for product dress_003_v5: 'BaseModelOutputWithPooling' object has no attribute 'norm'
[2026-08-08 11:39:20] Embedding error for product dress_003_v6: 'BaseModelOutputWithPooling' object has no attribute 'norm'
[2026-08-08 11:39:20] Embedding error for product dress_004: 'BaseModelOutputWithPooling' object has no attribute 'norm'
[2026-08-08 11:39:20] Embedding error for product dress_004_v1: 'BaseModelOutputWithPooling' object has no attribute 'norm'
[2026-08-08 11:39:20] Embedding error for product dress_004_v2: 'BaseModelOutputWithPooling' object has no attribute 'norm'
[2026-08-08 11:39:20] Embedding error for product dress_004_v3: 'BaseModelOutputWithPooling' object has no attribute 'norm'
[2026-08-08 11:39:20] Embedding error for product dress_004_v4: 'BaseModelOutputWithPooling' object has no attribute 'norm'
[2026-08-08 11:39:20] Embedding error for product dress_004_v5: 'BaseModelOutputWithPooling' object has no attribute 'norm'
[2026-08-08 11:39:20] Embedding error for product dress_004_v6: 'BaseModelOutputWithPooling' object has no attribute 'norm'
[2026-08-08 11:39:20] Embedding error for product dress_005: 'BaseModelOutputWithPooling' object has no attribute 'norm'
[2026-08-08 11:39:20] Embedding error for product dress_005_v1: 'BaseModelOutputWithPooling' object has no attribute 'norm'
[2026-08-08 11:39:20] Embedding error for product dress_005_v2: 'BaseModelOutputWithPooling' object has no attribute 'norm'
[2026-08-08 11:39:20] Embedding error for product dress_005_v3: 'BaseModelOutputWithPooling' object has no attribute 'norm'
[2026-08-08 11:39:20] Embedding error for product dress_005_v4: 'BaseModelOutputWithPooling' object has no attribute 'norm'
[2026-08-08 11:39:20] Embedding error for product dress_005_v5: 'BaseModelOutputWithPooling' object has no attribute 'norm'
[2026-08-08 11:39:20] Embedding error for product dress_005_v6: 'BaseModelOutputWithPooling' object has no attribute 'norm'
[2026-08-08 11:39:20] Embedding error for product dress_006: 'BaseModelOutputWithPooling' object has no attribute 'norm'
[2026-08-08 11:39:20] Embedding error for product dress_006_v1: 'BaseModelOutputWithPooling' object has no attribute 'norm'
[2026-08-08 11:39:20] Embedding error for product dress_006_v2: 'BaseModelOutputWithPooling' object has no attribute 'norm'
[2026-08-08 11:39:20] Embedding error for product dress_006_v3: 'BaseModelOutputWithPooling' object has no attribute 'norm'
[2026-08-08 11:39:20] Embedding error for product dress_006_v4: 'BaseModelOutputWithPooling' object has no attribute 'norm'
[2026-08-08 11:39:20] Embedding error for product dress_006_v5: 'BaseModelOutputWithPooling' object has no attribute 'norm'
[2026-08-08 11:39:20] Embedding error for product dress_006_v6: 'BaseModelOutputWithPooling' object has no attribute 'norm'
[2026-08-08 11:39:20] Embedding error for product dress_007: 'BaseModelOutputWithPooling' object has no attribute 'norm'
[2026-08-08 11:39:20] Embedding error for product dress_007_v1: 'BaseModelOutputWithPooling' object has no attribute 'norm'
[2026-08-08 11:39:20] Embedding error for product dress_007_v2: 'BaseModelOutputWithPooling' object has no attribute 'norm'
[2026-08-08 11:39:20] Embedding error for product dress_007_v3: 'BaseModelOutputWithPooling' object has no attribute 'norm'
[2026-08-08 11:39:20] Embedding error for product dress_007_v4: 'BaseModelOutputWithPooling' object has no attribute 'norm'
[2026-08-08 11:39:20] Embedding error for product dress_007_v5: 'BaseModelOutputWithPooling' object has no attribute 'norm'
[2026-08-08 11:39:20] Embedding error for product dress_007_v6: 'BaseModelOutputWithPooling' object has no attribute 'norm'
[2026-08-08 11:39:20] Embedding error for product dress_008: 'BaseModelOutputWithPooling' object has no attribute 'norm'
[2026-08-08 11:39:20] Embedding error for product dress_008_v1: 'BaseModelOutputWithPooling' object has no attribute 'norm'
[2026-08-08 11:39:20] Embedding error for product dress_008_v2: 'BaseModelOutputWithPooling' object has no attribute 'norm'
[2026-08-08 11:39:20] Embedding error for product dress_008_v3: 'BaseModelOutputWithPooling' object has no attribute 'norm'
[2026-08-08 11:39:20] Embedding error for product dress_008_v4: 'BaseModelOutputWithPooling' object has no attribute 'norm'
[2026-08-08 11:39:20] Embedding error for product dress_008_v5: 'BaseModelOutputWithPooling' object has no attribute 'norm'
[2026-08-08 11:39:20] Embedding error for product dress_008_v6: 'BaseModelOutputWithPooling' object has no attribute 'norm'
[2026-08-08 11:39:20] Embedding error for product dress_009: 'BaseModelOutputWithPooling' object has no attribute 'norm'
[2026-08-08 11:39:20] Embedding error for product dress_009_v1: 'BaseModelOutputWithPooling' object has no attribute 'norm'
[2026-08-08 11:39:20] Embedding error for product dress_009_v2: 'BaseModelOutputWithPooling' object has no attribute 'norm'
[2026-08-08 11:39:20] Embedding error for product dress_009_v3: 'BaseModelOutputWithPooling' object has no attribute 'norm'
[2026-08-08 11:39:20] Embedding error for product dress_009_v4: 'BaseModelOutputWithPooling' object has no attribute 'norm'
[2026-08-08 11:39:20] Embedding error for product dress_009_v5: 'BaseModelOutputWithPooling' object has no attribute 'norm'
[2026-08-08 11:39:20] Embedding error for product dress_009_v6: 'BaseModelOutputWithPooling' object has no attribute 'norm'
[2026-08-08 11:39:20] Embedding error for product dress_010: 'BaseModelOutputWithPooling' object has no attribute 'norm'
[2026-08-08 11:39:20] Embedding error for product dress_010_v1: 'BaseModelOutputWithPooling' object has no attribute 'norm'
[2026-08-08 11:39:20] Embedding error for product dress_010_v2: 'BaseModelOutputWithPooling' object has no attribute 'norm'
[2026-08-08 11:39:20] Embedding error for product dress_010_v3: 'BaseModelOutputWithPooling' object has no attribute 'norm'
[2026-08-08 11:39:20] Embedding error for product dress_010_v4: 'BaseModelOutputWithPooling' object has no attribute 'norm'
[2026-08-08 11:39:20] Embedding error for product dress_010_v5: 'BaseModelOutputWithPooling' object has no attribute 'norm'
[2026-08-08 11:39:20] Embedding error for product dress_010_v6: 'BaseModelOutputWithPooling' object has no attribute 'norm'
[2026-08-08 11:39:20] Embedding error for product dress_011: 'BaseModelOutputWithPooling' object has no attribute 'norm'
[2026-08-08 11:39:20] Embedding error for product dress_011_v1: 'BaseModelOutputWithPooling' object has no attribute 'norm'
[2026-08-08 11:39:20] Embedding error for product dress_011_v2: 'BaseModelOutputWithPooling' object has no attribute 'norm'
[2026-08-08 11:39:20] Embedding error for product dress_011_v3: 'BaseModelOutputWithPooling' object has no attribute 'norm'
[2026-08-08 11:39:20] Embedding error for product dress_011_v4: 'BaseModelOutputWithPooling' object has no attribute 'norm'
[2026-08-08 11:39:20] Embedding error for product dress_011_v5: 'BaseModelOutputWithPooling' object has no attribute 'norm'
[2026-08-08 11:39:20] Embedding error for product dress_011_v6: 'BaseModelOutputWithPooling' object has no attribute 'norm'
[2026-08-08 11:39:20] Embedding error for product dress_012: 'BaseModelOutputWithPooling' object has no attribute 'norm'
[2026-08-08 11:39:20] Embedding error for product dress_012_v1: 'BaseModelOutputWithPooling' object has no attribute 'norm'
[2026-08-08 11:39:20] Embedding error for product dress_012_v2: 'BaseModelOutputWithPooling' object has no attribute 'norm'
[2026-08-08 11:39:20] Embedding error for product dress_012_v3: 'BaseModelOutputWithPooling' object has no attribute 'norm'
[2026-08-08 11:39:20] Embedding error for product dress_012_v4: 'BaseModelOutputWithPooling' object has no attribute 'norm'
[2026-08-08 11:39:20] Embedding error for product dress_012_v5: 'BaseModelOutputWithPooling' object has no attribute 'norm'
[2026-08-08 11:39:20] Embedding error for product dress_012_v6: 'BaseModelOutputWithPooling' object has no attribute 'norm'
[2026-08-08 11:39:20] Embedding error for product top_001: 'BaseModelOutputWithPooling' object has no attribute 'norm'
[2026-08-08 11:39:20] Embedding error for product top_001_v1: 'BaseModelOutputWithPooling' object has no attribute 'norm'
[2026-08-08 11:39:20] Embedding error for product top_001_v2: 'BaseModelOutputWithPooling' object has no attribute 'norm'
[2026-08-08 11:39:20] Embedding error for product top_001_v3: 'BaseModelOutputWithPooling' object has no attribute 'norm'
[2026-08-08 11:39:20] Embedding error for product top_001_v4: 'BaseModelOutputWithPooling' object has no attribute 'norm'
[2026-08-08 11:39:20] Embedding error for product top_001_v5: 'BaseModelOutputWithPooling' object has no attribute 'norm'
[2026-08-08 11:39:20] Embedding error for product top_001_v6: 'BaseModelOutputWithPooling' object has no attribute 'norm'
[2026-08-08 11:39:20] Embedding error for product top_002: 'BaseModelOutputWithPooling' object has no attribute 'norm'
[2026-08-08 11:39:20] Embedding error for product top_002_v1: 'BaseModelOutputWithPooling' object has no attribute 'norm'
[2026-08-08 11:39:20] Embedding error for product top_002_v2: 'BaseModelOutputWithPooling' object has no attribute 'norm'
[2026-08-08 11:39:20] Embedding error for product top_002_v3: 'BaseModelOutputWithPooling' object has no attribute 'norm'
[2026-08-08 11:39:20] Embedding error for product top_002_v4: 'BaseModelOutputWithPooling' object has no attribute 'norm'
[2026-08-08 11:39:20] Embedding error for product top_002_v5: 'BaseModelOutputWithPooling' object has no attribute 'norm'
[2026-08-08 11:39:20] Embedding error for product top_002_v6: 'BaseModelOutputWithPooling' object has no attribute 'norm'
[2026-08-08 11:39:20] Embedding error for product top_003: 'BaseModelOutputWithPooling' object has no attribute 'norm'
[2026-08-08 11:39:20] Embedding error for product top_003_v1: 'BaseModelOutputWithPooling' object has no attribute 'norm'
[2026-08-08 11:39:20] Embedding error for product top_003_v2: 'BaseModelOutputWithPooling' object has no attribute 'norm'
[2026-08-08 11:39:20] Embedding error for product top_003_v3: 'BaseModelOutputWithPooling' object has no attribute 'norm'
[2026-08-08 11:39:20] Embedding error for product top_003_v4: 'BaseModelOutputWithPooling' object has no attribute 'norm'
[2026-08-08 11:39:20] Embedding error for product top_003_v5: 'BaseModelOutputWithPooling' object has no attribute 'norm'
[2026-08-08 11:39:20] Embedding error for product top_003_v6: 'BaseModelOutputWithPooling' object has no attribute 'norm'
[2026-08-08 11:39:20] Embedding error for product top_004: 'BaseModelOutputWithPooling' object has no attribute 'norm'
[2026-08-08 11:39:20] Embedding error for product top_004_v1: 'BaseModelOutputWithPooling' object has no attribute 'norm'
[2026-08-08 11:39:20] Embedding error for product top_004_v2: 'BaseModelOutputWithPooling' object has no attribute 'norm'
[2026-08-08 11:39:20] Embedding error for product top_004_v3: 'BaseModelOutputWithPooling' object has no attribute 'norm'
[2026-08-08 11:39:20] Embedding error for product top_004_v4: 'BaseModelOutputWithPooling' object has no attribute 'norm'
[2026-08-08 11:39:20] Embedding error for product top_004_v5: 'BaseModelOutputWithPooling' object has no attribute 'norm'
[2026-08-08 11:39:20] Embedding error for product top_004_v6: 'BaseModelOutputWithPooling' object has no attribute 'norm'
[2026-08-08 11:39:20] Embedding error for product top_005: 'BaseModelOutputWithPooling' object has no attribute 'norm'
[2026-08-08 11:39:20] Embedding error for product top_005_v1: 'BaseModelOutputWithPooling' object has no attribute 'norm'
[2026-08-08 11:39:20] Embedding error for product top_005_v2: 'BaseModelOutputWithPooling' object has no attribute 'norm'
[2026-08-08 11:39:20] Embedding error for product top_005_v3: 'BaseModelOutputWithPooling' object has no attribute 'norm'
[2026-08-08 11:39:20] Embedding error for product top_005_v4: 'BaseModelOutputWithPooling' object has no attribute 'norm'
[2026-08-08 11:39:20] Embedding error for product top_005_v5: 'BaseModelOutputWithPooling' object has no attribute 'norm'
[2026-08-08 11:39:20] Embedding error for product top_005_v6: 'BaseModelOutputWithPooling' object has no attribute 'norm'
[2026-08-08 11:39:21] Embedding error for product top_006: 'BaseModelOutputWithPooling' object has no attribute 'norm'
[2026-08-08 11:39:21] Embedding error for product top_006_v1: 'BaseModelOutputWithPooling' object has no attribute 'norm'
[2026-08-08 11:39:21] Embedding error for product top_006_v2: 'BaseModelOutputWithPooling' object has no attribute 'norm'
[2026-08-08 11:39:21] Embedding error for product top_006_v3: 'BaseModelOutputWithPooling' object has no attribute 'norm'
[2026-08-08 11:39:21] Embedding error for product top_006_v4: 'BaseModelOutputWithPooling' object has no attribute 'norm'
[2026-08-08 11:39:21] Embedding error for product top_006_v5: 'BaseModelOutputWithPooling' object has no attribute 'norm'
[2026-08-08 11:39:21] Embedding error for product top_006_v6: 'BaseModelOutputWithPooling' object has no attribute 'norm'
[2026-08-08 11:39:21] Embedding error for product top_007: 'BaseModelOutputWithPooling' object has no attribute 'norm'
[2026-08-08 11:39:21] Embedding error for product top_007_v1: 'BaseModelOutputWithPooling' object has no attribute 'norm'
[2026-08-08 11:39:21] Embedding error for product top_007_v2: 'BaseModelOutputWithPooling' object has no attribute 'norm'
[2026-08-08 11:39:21] Embedding error for product top_007_v3: 'BaseModelOutputWithPooling' object has no attribute 'norm'
[2026-08-08 11:39:21] Embedding error for product top_007_v4: 'BaseModelOutputWithPooling' object has no attribute 'norm'
[2026-08-08 11:39:21] Embedding error for product top_007_v5: 'BaseModelOutputWithPooling' object has no attribute 'norm'
[2026-08-08 11:39:21] Embedding error for product top_007_v6: 'BaseModelOutputWithPooling' object has no attribute 'norm'
[2026-08-08 11:39:21] Embedding error for product top_008: 'BaseModelOutputWithPooling' object has no attribute 'norm'
[2026-08-08 11:39:22] Embedding error for product top_008_v1: 'BaseModelOutputWithPooling' object has no attribute 'norm'
[2026-08-08 11:39:22] Embedding error for product top_008_v2: 'BaseModelOutputWithPooling' object has no attribute 'norm'
[2026-08-08 11:39:22] Embedding error for product top_008_v3: 'BaseModelOutputWithPooling' object has no attribute 'norm'
[2026-08-08 11:39:22] Embedding error for product top_008_v4: 'BaseModelOutputWithPooling' object has no attribute 'norm'
[2026-08-08 11:39:22] Embedding error for product top_008_v5: 'BaseModelOutputWithPooling' object has no attribute 'norm'
[2026-08-08 11:39:22] Embedding error for product top_008_v6: 'BaseModelOutputWithPooling' object has no attribute 'norm'
[2026-08-08 11:39:22] Embedding error for product top_009: 'BaseModelOutputWithPooling' object has no attribute 'norm'
[2026-08-08 11:39:22] Embedding error for product top_009_v1: 'BaseModelOutputWithPooling' object has no attribute 'norm'
[2026-08-08 11:39:22] Embedding error for product top_009_v2: 'BaseModelOutputWithPooling' object has no attribute 'norm'
[2026-08-08 11:39:22] Embedding error for product top_009_v3: 'BaseModelOutputWithPooling' object has no attribute 'norm'
[2026-08-08 11:39:22] Embedding error for product top_009_v4: 'BaseModelOutputWithPooling' object has no attribute 'norm'
[2026-08-08 11:39:22] Embedding error for product top_009_v5: 'BaseModelOutputWithPooling' object has no attribute 'norm'
[2026-08-08 11:39:22] Embedding error for product top_009_v6: 'BaseModelOutputWithPooling' object has no attribute 'norm'
[2026-08-08 11:39:22] Embedding error for product top_010: 'BaseModelOutputWithPooling' object has no attribute 'norm'
[2026-08-08 11:39:22] Embedding error for product top_010_v1: 'BaseModelOutputWithPooling' object has no attribute 'norm'
[2026-08-08 11:39:22] Embedding error for product top_010_v2: 'BaseModelOutputWithPooling' object has no attribute 'norm'
[2026-08-08 11:39:22] Embedding error for product top_010_v3: 'BaseModelOutputWithPooling' object has no attribute 'norm'
[2026-08-08 11:39:22] Embedding error for product top_010_v4: 'BaseModelOutputWithPooling' object has no attribute 'norm'
[2026-08-08 11:39:22] Embedding error for product top_010_v5: 'BaseModelOutputWithPooling' object has no attribute 'norm'
[2026-08-08 11:39:23] Embedding error for product top_010_v6: 'BaseModelOutputWithPooling' object has no attribute 'norm'
[2026-08-08 11:39:23] Embedding error for product bottom_001: 'BaseModelOutputWithPooling' object has no attribute 'norm'
[2026-08-08 11:39:23] Embedding error for product bottom_001_v1: 'BaseModelOutputWithPooling' object has no attribute 'norm'
[2026-08-08 11:39:23] Embedding error for product bottom_001_v2: 'BaseModelOutputWithPooling' object has no attribute 'norm'
[2026-08-08 11:39:23] Embedding error for product bottom_001_v3: 'BaseModelOutputWithPooling' object has no attribute 'norm'
[2026-08-08 11:39:23] Embedding error for product bottom_001_v4: 'BaseModelOutputWithPooling' object has no attribute 'norm'
[2026-08-08 11:39:23] Embedding error for product bottom_001_v5: 'BaseModelOutputWithPooling' object has no attribute 'norm'
[2026-08-08 11:39:23] Embedding error for product bottom_001_v6: 'BaseModelOutputWithPooling' object has no attribute 'norm'
[2026-08-08 11:39:23] Embedding error for product bottom_002: 'BaseModelOutputWithPooling' object has no attribute 'norm'
[2026-08-08 11:39:23] Embedding error for product bottom_002_v1: 'BaseModelOutputWithPooling' object has no attribute 'norm'
[2026-08-08 11:39:23] Embedding error for product bottom_002_v2: 'BaseModelOutputWithPooling' object has no attribute 'norm'
[2026-08-08 11:39:23] Embedding error for product bottom_002_v3: 'BaseModelOutputWithPooling' object has no attribute 'norm'
[2026-08-08 11:39:23] Embedding error for product bottom_002_v4: 'BaseModelOutputWithPooling' object has no attribute 'norm'
[2026-08-08 11:39:23] Embedding error for product bottom_002_v5: 'BaseModelOutputWithPooling' object has no attribute 'norm'
[2026-08-08 11:39:23] Embedding error for product bottom_002_v6: 'BaseModelOutputWithPooling' object has no attribute 'norm'
[2026-08-08 11:39:23] Embedding error for product bottom_003: 'BaseModelOutputWithPooling' object has no attribute 'norm'
[2026-08-08 11:39:23] Embedding error for product bottom_003_v1: 'BaseModelOutputWithPooling' object has no attribute 'norm'
[2026-08-08 11:39:23] Embedding error for product bottom_003_v2: 'BaseModelOutputWithPooling' object has no attribute 'norm'
[2026-08-08 11:39:23] Embedding error for product bottom_003_v3: 'BaseModelOutputWithPooling' object has no attribute 'norm'
[2026-08-08 11:39:23] Embedding error for product bottom_003_v4: 'BaseModelOutputWithPooling' object has no attribute 'norm'
[2026-08-08 11:39:23] Embedding error for product bottom_003_v5: 'BaseModelOutputWithPooling' object has no attribute 'norm'
[2026-08-08 11:39:23] Embedding error for product bottom_003_v6: 'BaseModelOutputWithPooling' object has no attribute 'norm'
[2026-08-08 11:39:23] Embedding error for product bottom_004: 'BaseModelOutputWithPooling' object has no attribute 'norm'
[2026-08-08 11:39:23] Embedding error for product bottom_004_v1: 'BaseModelOutputWithPooling' object has no attribute 'norm'
[2026-08-08 11:39:23] Embedding error for product bottom_004_v2: 'BaseModelOutputWithPooling' object has no attribute 'norm'
[2026-08-08 11:39:23] Embedding error for product bottom_004_v3: 'BaseModelOutputWithPooling' object has no attribute 'norm'
[2026-08-08 11:39:23] Embedding error for product bottom_004_v4: 'BaseModelOutputWithPooling' object has no attribute 'norm'
[2026-08-08 11:39:23] Embedding error for product bottom_004_v5: 'BaseModelOutputWithPooling' object has no attribute 'norm'
[2026-08-08 11:39:23] Embedding error for product bottom_004_v6: 'BaseModelOutputWithPooling' object has no attribute 'norm'
[2026-08-08 11:39:23] Embedding error for product bottom_005: 'BaseModelOutputWithPooling' object has no attribute 'norm'
[2026-08-08 11:39:23] Embedding error for product bottom_005_v1: 'BaseModelOutputWithPooling' object has no attribute 'norm'
[2026-08-08 11:39:23] Embedding error for product bottom_005_v2: 'BaseModelOutputWithPooling' object has no attribute 'norm'
[2026-08-08 11:39:23] Embedding error for product bottom_005_v3: 'BaseModelOutputWithPooling' object has no attribute 'norm'
[2026-08-08 11:39:23] Embedding error for product bottom_005_v4: 'BaseModelOutputWithPooling' object has no attribute 'norm'
[2026-08-08 11:39:23] Embedding error for product bottom_005_v5: 'BaseModelOutputWithPooling' object has no attribute 'norm'
[2026-08-08 11:39:23] Embedding error for product bottom_005_v6: 'BaseModelOutputWithPooling' object has no attribute 'norm'
[2026-08-08 11:39:23] Embedding error for product bottom_006: 'BaseModelOutputWithPooling' object has no attribute 'norm'
[2026-08-08 11:39:23] Embedding error for product bottom_006_v1: 'BaseModelOutputWithPooling' object has no attribute 'norm'
[2026-08-08 11:39:23] Embedding error for product bottom_006_v2: 'BaseModelOutputWithPooling' object has no attribute 'norm'
[2026-08-08 11:39:23] Embedding error for product bottom_006_v3: 'BaseModelOutputWithPooling' object has no attribute 'norm'
[2026-08-08 11:39:23] Embedding error for product bottom_006_v4: 'BaseModelOutputWithPooling' object has no attribute 'norm'
[2026-08-08 11:39:23] Embedding error for product bottom_006_v5: 'BaseModelOutputWithPooling' object has no attribute 'norm'
[2026-08-08 11:39:23] Embedding error for product bottom_006_v6: 'BaseModelOutputWithPooling' object has no attribute 'norm'
[2026-08-08 11:39:23] Embedding error for product bottom_007: 'BaseModelOutputWithPooling' object has no attribute 'norm'
[2026-08-08 11:39:23] Embedding error for product bottom_007_v1: 'BaseModelOutputWithPooling' object has no attribute 'norm'
[2026-08-08 11:39:23] Embedding error for product bottom_007_v2: 'BaseModelOutputWithPooling' object has no attribute 'norm'
[2026-08-08 11:39:23] Embedding error for product bottom_007_v3: 'BaseModelOutputWithPooling' object has no attribute 'norm'
[2026-08-08 11:39:23] Embedding error for product bottom_007_v4: 'BaseModelOutputWithPooling' object has no attribute 'norm'
[2026-08-08 11:39:23] Embedding error for product bottom_007_v5: 'BaseModelOutputWithPooling' object has no attribute 'norm'
[2026-08-08 11:39:23] Embedding error for product bottom_007_v6: 'BaseModelOutputWithPooling' object has no attribute 'norm'
[2026-08-08 11:39:23] Embedding error for product bottom_008: 'BaseModelOutputWithPooling' object has no attribute 'norm'
[2026-08-08 11:39:23] Embedding error for product bottom_008_v1: 'BaseModelOutputWithPooling' object has no attribute 'norm'
[2026-08-08 11:39:23] Embedding error for product bottom_008_v2: 'BaseModelOutputWithPooling' object has no attribute 'norm'
[2026-08-08 11:39:23] Embedding error for product bottom_008_v3: 'BaseModelOutputWithPooling' object has no attribute 'norm'
[2026-08-08 11:39:23] Embedding error for product bottom_008_v4: 'BaseModelOutputWithPooling' object has no attribute 'norm'
[2026-08-08 11:39:23] Embedding error for product bottom_008_v5: 'BaseModelOutputWithPooling' object has no attribute 'norm'
[2026-08-08 11:39:23] Embedding error for product bottom_008_v6: 'BaseModelOutputWithPooling' object has no attribute 'norm'
[2026-08-08 11:39:23] Embedding error for product ethnic_001: 'BaseModelOutputWithPooling' object has no attribute 'norm'
[2026-08-08 11:39:23] Embedding error for product ethnic_001_v1: 'BaseModelOutputWithPooling' object has no attribute 'norm'
[2026-08-08 11:39:23] Embedding error for product ethnic_001_v2: 'BaseModelOutputWithPooling' object has no attribute 'norm'
[2026-08-08 11:39:23] Embedding error for product ethnic_001_v3: 'BaseModelOutputWithPooling' object has no attribute 'norm'
[2026-08-08 11:39:23] Embedding error for product ethnic_001_v4: 'BaseModelOutputWithPooling' object has no attribute 'norm'
[2026-08-08 11:39:23] Embedding error for product ethnic_001_v5: 'BaseModelOutputWithPooling' object has no attribute 'norm'
[2026-08-08 11:39:23] Embedding error for product ethnic_001_v6: 'BaseModelOutputWithPooling' object has no attribute 'norm'
[2026-08-08 11:39:23] Embedding error for product ethnic_002: 'BaseModelOutputWithPooling' object has no attribute 'norm'
[2026-08-08 11:39:23] Embedding error for product ethnic_002_v1: 'BaseModelOutputWithPooling' object has no attribute 'norm'
[2026-08-08 11:39:23] Embedding error for product ethnic_002_v2: 'BaseModelOutputWithPooling' object has no attribute 'norm'
[2026-08-08 11:39:23] Embedding error for product ethnic_002_v3: 'BaseModelOutputWithPooling' object has no attribute 'norm'
[2026-08-08 11:39:23] Embedding error for product ethnic_002_v4: 'BaseModelOutputWithPooling' object has no attribute 'norm'
[2026-08-08 11:39:23] Embedding error for product ethnic_002_v5: 'BaseModelOutputWithPooling' object has no attribute 'norm'
[2026-08-08 11:39:23] Embedding error for product ethnic_002_v6: 'BaseModelOutputWithPooling' object has no attribute 'norm'
[2026-08-08 11:39:23] Embedding error for product ethnic_003: 'BaseModelOutputWithPooling' object has no attribute 'norm'
[2026-08-08 11:39:23] Embedding error for product ethnic_003_v1: 'BaseModelOutputWithPooling' object has no attribute 'norm'
[2026-08-08 11:39:23] Embedding error for product ethnic_003_v2: 'BaseModelOutputWithPooling' object has no attribute 'norm'
[2026-08-08 11:39:23] Embedding error for product ethnic_003_v3: 'BaseModelOutputWithPooling' object has no attribute 'norm'
[2026-08-08 11:39:23] Embedding error for product ethnic_003_v4: 'BaseModelOutputWithPooling' object has no attribute 'norm'
[2026-08-08 11:39:23] Embedding error for product ethnic_003_v5: 'BaseModelOutputWithPooling' object has no attribute 'norm'
[2026-08-08 11:39:23] Embedding error for product ethnic_003_v6: 'BaseModelOutputWithPooling' object has no attribute 'norm'
[2026-08-08 11:39:23] Embedding error for product ethnic_004: 'BaseModelOutputWithPooling' object has no attribute 'norm'
[2026-08-08 11:39:23] Embedding error for product ethnic_004_v1: 'BaseModelOutputWithPooling' object has no attribute 'norm'
[2026-08-08 11:39:23] Embedding error for product ethnic_004_v2: 'BaseModelOutputWithPooling' object has no attribute 'norm'
[2026-08-08 11:39:23] Embedding error for product ethnic_004_v3: 'BaseModelOutputWithPooling' object has no attribute 'norm'
[2026-08-08 11:39:23] Embedding error for product ethnic_004_v4: 'BaseModelOutputWithPooling' object has no attribute 'norm'
[2026-08-08 11:39:23] Embedding error for product ethnic_004_v5: 'BaseModelOutputWithPooling' object has no attribute 'norm'
[2026-08-08 11:39:23] Embedding error for product ethnic_004_v6: 'BaseModelOutputWithPooling' object has no attribute 'norm'
[2026-08-08 11:39:23] Embedding error for product ethnic_005: 'BaseModelOutputWithPooling' object has no attribute 'norm'
[2026-08-08 11:39:23] Embedding error for product ethnic_005_v1: 'BaseModelOutputWithPooling' object has no attribute 'norm'
[2026-08-08 11:39:23] Embedding error for product ethnic_005_v2: 'BaseModelOutputWithPooling' object has no attribute 'norm'
[2026-08-08 11:39:23] Embedding error for product ethnic_005_v3: 'BaseModelOutputWithPooling' object has no attribute 'norm'
[2026-08-08 11:39:23] Embedding error for product ethnic_005_v4: 'BaseModelOutputWithPooling' object has no attribute 'norm'
[2026-08-08 11:39:23] Embedding error for product ethnic_005_v5: 'BaseModelOutputWithPooling' object has no attribute 'norm'
[2026-08-08 11:39:23] Embedding error for product ethnic_005_v6: 'BaseModelOutputWithPooling' object has no attribute 'norm'
[2026-08-08 11:39:23] Embedding error for product ethnic_006: 'BaseModelOutputWithPooling' object has no attribute 'norm'
[2026-08-08 11:39:23] Embedding error for product ethnic_006_v1: 'BaseModelOutputWithPooling' object has no attribute 'norm'
[2026-08-08 11:39:23] Embedding error for product ethnic_006_v2: 'BaseModelOutputWithPooling' object has no attribute 'norm'
[2026-08-08 11:39:23] Embedding error for product ethnic_006_v3: 'BaseModelOutputWithPooling' object has no attribute 'norm'
[2026-08-08 11:39:23] Embedding error for product ethnic_006_v4: 'BaseModelOutputWithPooling' object has no attribute 'norm'
[2026-08-08 11:39:23] Embedding error for product ethnic_006_v5: 'BaseModelOutputWithPooling' object has no attribute 'norm'
[2026-08-08 11:39:23] Embedding error for product ethnic_006_v6: 'BaseModelOutputWithPooling' object has no attribute 'norm'
[2026-08-08 11:39:24] Embedding error for product ethnic_007: 'BaseModelOutputWithPooling' object has no attribute 'norm'
[2026-08-08 11:39:24] Embedding error for product ethnic_007_v1: 'BaseModelOutputWithPooling' object has no attribute 'norm'
[2026-08-08 11:39:24] Embedding error for product ethnic_007_v2: 'BaseModelOutputWithPooling' object has no attribute 'norm'
[2026-08-08 11:39:24] Embedding error for product ethnic_007_v3: 'BaseModelOutputWithPooling' object has no attribute 'norm'
[2026-08-08 11:39:24] Embedding error for product ethnic_007_v4: 'BaseModelOutputWithPooling' object has no attribute 'norm'
[2026-08-08 11:39:24] Embedding error for product ethnic_007_v5: 'BaseModelOutputWithPooling' object has no attribute 'norm'
[2026-08-08 11:39:24] Embedding error for product ethnic_007_v6: 'BaseModelOutputWithPooling' object has no attribute 'norm'
[2026-08-08 11:39:24] Embedding error for product ethnic_008: 'BaseModelOutputWithPooling' object has no attribute 'norm'
[2026-08-08 11:39:24] Embedding error for product ethnic_008_v1: 'BaseModelOutputWithPooling' object has no attribute 'norm'
[2026-08-08 11:39:24] Embedding error for product ethnic_008_v2: 'BaseModelOutputWithPooling' object has no attribute 'norm'
[2026-08-08 11:39:24] Embedding error for product ethnic_008_v3: 'BaseModelOutputWithPooling' object has no attribute 'norm'
[2026-08-08 11:39:24] Embedding error for product ethnic_008_v4: 'BaseModelOutputWithPooling' object has no attribute 'norm'
[2026-08-08 11:39:24] Embedding error for product ethnic_008_v5: 'BaseModelOutputWithPooling' object has no attribute 'norm'
[2026-08-08 11:39:24] Embedding error for product ethnic_008_v6: 'BaseModelOutputWithPooling' object has no attribute 'norm'
[2026-08-08 11:39:24] Embedding error for product footwear_001: 'BaseModelOutputWithPooling' object has no attribute 'norm'
[2026-08-08 11:39:24] Embedding error for product footwear_001_v1: 'BaseModelOutputWithPooling' object has no attribute 'norm'
[2026-08-08 11:39:24] Embedding error for product footwear_001_v2: 'BaseModelOutputWithPooling' object has no attribute 'norm'
[2026-08-08 11:39:24] Embedding error for product footwear_001_v3: 'BaseModelOutputWithPooling' object has no attribute 'norm'
[2026-08-08 11:39:24] Embedding error for product footwear_001_v4: 'BaseModelOutputWithPooling' object has no attribute 'norm'
[2026-08-08 11:39:24] Embedding error for product footwear_001_v5: 'BaseModelOutputWithPooling' object has no attribute 'norm'
[2026-08-08 11:39:24] Embedding error for product footwear_001_v6: 'BaseModelOutputWithPooling' object has no attribute 'norm'
[2026-08-08 11:39:24] Embedding error for product footwear_002: 'BaseModelOutputWithPooling' object has no attribute 'norm'
[2026-08-08 11:39:24] Embedding error for product footwear_002_v1: 'BaseModelOutputWithPooling' object has no attribute 'norm'
[2026-08-08 11:39:24] Embedding error for product footwear_002_v2: 'BaseModelOutputWithPooling' object has no attribute 'norm'
[2026-08-08 11:39:24] Embedding error for product footwear_002_v3: 'BaseModelOutputWithPooling' object has no attribute 'norm'
[2026-08-08 11:39:24] Embedding error for product footwear_002_v4: 'BaseModelOutputWithPooling' object has no attribute 'norm'
[2026-08-08 11:39:24] Embedding error for product footwear_002_v5: 'BaseModelOutputWithPooling' object has no attribute 'norm'
[2026-08-08 11:39:24] Embedding error for product footwear_002_v6: 'BaseModelOutputWithPooling' object has no attribute 'norm'
[2026-08-08 11:39:24] Embedding error for product footwear_003: 'BaseModelOutputWithPooling' object has no attribute 'norm'
[2026-08-08 11:39:24] Embedding error for product footwear_003_v1: 'BaseModelOutputWithPooling' object has no attribute 'norm'
[2026-08-08 11:39:24] Embedding error for product footwear_003_v2: 'BaseModelOutputWithPooling' object has no attribute 'norm'
[2026-08-08 11:39:24] Embedding error for product footwear_003_v3: 'BaseModelOutputWithPooling' object has no attribute 'norm'
[2026-08-08 11:39:24] Embedding error for product footwear_003_v4: 'BaseModelOutputWithPooling' object has no attribute 'norm'
[2026-08-08 11:39:24] Embedding error for product footwear_003_v5: 'BaseModelOutputWithPooling' object has no attribute 'norm'
[2026-08-08 11:39:24] Embedding error for product footwear_003_v6: 'BaseModelOutputWithPooling' object has no attribute 'norm'
[2026-08-08 11:39:24] Embedding error for product footwear_004: 'BaseModelOutputWithPooling' object has no attribute 'norm'
[2026-08-08 11:39:24] Embedding error for product footwear_004_v1: 'BaseModelOutputWithPooling' object has no attribute 'norm'
[2026-08-08 11:39:24] Embedding error for product footwear_004_v2: 'BaseModelOutputWithPooling' object has no attribute 'norm'
[2026-08-08 11:39:24] Embedding error for product footwear_004_v3: 'BaseModelOutputWithPooling' object has no attribute 'norm'
[2026-08-08 11:39:24] Embedding error for product footwear_004_v4: 'BaseModelOutputWithPooling' object has no attribute 'norm'
[2026-08-08 11:39:24] Embedding error for product footwear_004_v5: 'BaseModelOutputWithPooling' object has no attribute 'norm'
[2026-08-08 11:39:24] Embedding error for product footwear_004_v6: 'BaseModelOutputWithPooling' object has no attribute 'norm'
[2026-08-08 11:39:24] Embedding error for product footwear_005: 'BaseModelOutputWithPooling' object has no attribute 'norm'
[2026-08-08 11:39:24] Embedding error for product footwear_005_v1: 'BaseModelOutputWithPooling' object has no attribute 'norm'
[2026-08-08 11:39:24] Embedding error for product footwear_005_v2: 'BaseModelOutputWithPooling' object has no attribute 'norm'
[2026-08-08 11:39:24] Embedding error for product footwear_005_v3: 'BaseModelOutputWithPooling' object has no attribute 'norm'
[2026-08-08 11:39:24] Embedding error for product footwear_005_v4: 'BaseModelOutputWithPooling' object has no attribute 'norm'
[2026-08-08 11:39:24] Embedding error for product footwear_005_v5: 'BaseModelOutputWithPooling' object has no attribute 'norm'
[2026-08-08 11:39:24] Embedding error for product footwear_005_v6: 'BaseModelOutputWithPooling' object has no attribute 'norm'
[2026-08-08 11:39:24] Embedding error for product footwear_006: 'BaseModelOutputWithPooling' object has no attribute 'norm'
[2026-08-08 11:39:24] Embedding error for product footwear_006_v1: 'BaseModelOutputWithPooling' object has no attribute 'norm'
[2026-08-08 11:39:24] Embedding error for product footwear_006_v2: 'BaseModelOutputWithPooling' object has no attribute 'norm'
[2026-08-08 11:39:24] Embedding error for product footwear_006_v3: 'BaseModelOutputWithPooling' object has no attribute 'norm'
[2026-08-08 11:39:24] Embedding error for product footwear_006_v4: 'BaseModelOutputWithPooling' object has no attribute 'norm'
[2026-08-08 11:39:24] Embedding error for product footwear_006_v5: 'BaseModelOutputWithPooling' object has no attribute 'norm'
[2026-08-08 11:39:24] Embedding error for product footwear_006_v6: 'BaseModelOutputWithPooling' object has no attribute 'norm'
[2026-08-08 11:39:24] FAISS index built successfully with 308 vectors.
[2026-08-08 11:41:01] Loaded existing catalog with 308 items and FAISS index.
[2026-08-08 11:41:18] Loaded existing catalog with 308 items and FAISS index.
[2026-08-09 20:39:47] Loaded existing catalog with 308 items and FAISS index.
[2026-08-09 20:54:48] Loaded existing catalog with 308 items and FAISS index.
[2026-08-09 20:54:52] Loaded existing catalog with 308 items and FAISS index.
[2026-08-09 20:54:57] Loaded existing catalog with 308 items and FAISS index.
[2026-08-09 20:55:14] Initializing live catalog indexing...
[2026-08-09 20:55:14] Loaded 308 existing items. Found 0 already resolved search queries.
[2026-08-09 20:55:14] Identified 308 unique search queries to resolve.
[2026-08-09 20:55:14] Progress [1/308]: Scraping live results for 'Floral Print Tiered Midi Dress' from Ajio...
[2026-08-09 20:55:16] No live products returned for 'Floral Print Tiered Midi Dress'. Falling back to template item.
[2026-08-09 20:55:25] Progress [2/308]: Scraping live results for 'Premium Silk Floral Print Tiered Midi Dress' from Myntra...
[2026-08-09 20:55:27] No live products returned for 'Premium Silk Floral Print Tiered Midi Dress'. Falling back to template item.
[2026-08-09 20:55:28] Progress [3/308]: Scraping live results for 'Pure Linen Edition Floral Print Tiered Midi Dress' from Max Fashion...
[2026-08-09 20:55:28] Found 5 products on Max Fashion. Computing CLIP embeddings...
[2026-08-09 20:55:30] Progress [4/308]: Scraping live results for 'Summer Casual Floral Print Tiered Midi Dress' from Ajio...
[2026-08-09 20:55:31] No live products returned for 'Summer Casual Floral Print Tiered Midi Dress'. Falling back to template item.
[2026-08-09 20:55:32] Progress [5/308]: Scraping live results for 'Editorial Capsule Floral Print Tiered Midi Dress' from Myntra...
[2026-08-09 20:55:36] No live products returned for 'Editorial Capsule Floral Print Tiered Midi Dress'. Falling back to template item.
[2026-08-09 20:55:38] Progress [6/308]: Scraping live results for 'Signature Collection Floral Print Tiered Midi Dress' from Max Fashion...
[2026-08-09 20:55:38] Found 5 products on Max Fashion. Computing CLIP embeddings...
[2026-08-09 20:55:41] Progress [7/308]: Scraping live results for 'Minimalist Studio Floral Print Tiered Midi Dress' from Ajio...
[2026-08-09 20:55:43] No live products returned for 'Minimalist Studio Floral Print Tiered Midi Dress'. Falling back to template item.
[2026-08-09 20:55:44] Progress [8/308]: Scraping live results for 'Solid Fit & Flare Linen Maxi Dress' from Myntra...
[2026-08-09 20:55:46] No live products returned for 'Solid Fit & Flare Linen Maxi Dress'. Falling back to template item.
[2026-08-09 20:55:47] Progress [9/308]: Scraping live results for 'Premium Silk Solid Fit & Flare Linen Maxi Dress' from Max Fashion...
[2026-08-09 20:55:47] Found 5 products on Max Fashion. Computing CLIP embeddings...
[2026-08-09 20:55:49] Progress [10/308]: Scraping live results for 'Pure Linen Edition Solid Fit & Flare Linen Maxi Dress' from Ajio...
[2026-08-09 20:55:50] No live products returned for 'Pure Linen Edition Solid Fit & Flare Linen Maxi Dress'. Falling back to template item.
[2026-08-09 20:55:51] Progress [11/308]: Scraping live results for 'Summer Casual Solid Fit & Flare Linen Maxi Dress' from Myntra...
[2026-08-09 20:55:53] No live products returned for 'Summer Casual Solid Fit & Flare Linen Maxi Dress'. Falling back to template item.
[2026-08-09 20:55:54] Progress [12/308]: Scraping live results for 'Editorial Capsule Solid Fit & Flare Linen Maxi Dress' from Max Fashion...
[2026-08-09 20:55:54] Found 5 products on Max Fashion. Computing CLIP embeddings...
[2026-08-09 20:55:56] Progress [13/308]: Scraping live results for 'Signature Collection Solid Fit & Flare Linen Maxi Dress' from Ajio...
[2026-08-09 20:55:57] No live products returned for 'Signature Collection Solid Fit & Flare Linen Maxi Dress'. Falling back to template item.
[2026-08-09 20:55:58] Progress [14/308]: Scraping live results for 'Minimalist Studio Solid Fit & Flare Linen Maxi Dress' from Myntra...
[2026-08-09 20:56:05] No live products returned for 'Minimalist Studio Solid Fit & Flare Linen Maxi Dress'. Falling back to template item.
[2026-08-09 20:56:06] Progress [15/308]: Scraping live results for 'Sleeveless Emerald A-Line Gown' from Ajio...
[2026-08-09 20:56:08] No live products returned for 'Sleeveless Emerald A-Line Gown'. Falling back to template item.
[2026-08-09 20:56:09] Progress [16/308]: Scraping live results for 'Premium Silk Sleeveless Emerald A-Line Gown' from Ajio...
[2026-08-09 20:56:11] No live products returned for 'Premium Silk Sleeveless Emerald A-Line Gown'. Falling back to template item.
[2026-08-09 20:56:12] Progress [17/308]: Scraping live results for 'Pure Linen Edition Sleeveless Emerald A-Line Gown' from Myntra...
[2026-08-09 20:56:15] No live products returned for 'Pure Linen Edition Sleeveless Emerald A-Line Gown'. Falling back to template item.
[2026-08-09 20:56:17] Progress [18/308]: Scraping live results for 'Summer Casual Sleeveless Emerald A-Line Gown' from Max Fashion...
[2026-08-09 20:56:17] Found 5 products on Max Fashion. Computing CLIP embeddings...
[2026-08-09 20:56:19] Progress [19/308]: Scraping live results for 'Editorial Capsule Sleeveless Emerald A-Line Gown' from Ajio...
[2026-08-09 20:56:20] No live products returned for 'Editorial Capsule Sleeveless Emerald A-Line Gown'. Falling back to template item.
[2026-08-09 20:56:21] Progress [20/308]: Scraping live results for 'Signature Collection Sleeveless Emerald A-Line Gown' from Myntra...
[2026-08-09 20:56:27] No live products returned for 'Signature Collection Sleeveless Emerald A-Line Gown'. Falling back to template item.
[2026-08-09 20:56:28] Progress [21/308]: Scraping live results for 'Minimalist Studio Sleeveless Emerald A-Line Gown' from Max Fashion...
[2026-08-09 20:56:28] Found 5 products on Max Fashion. Computing CLIP embeddings...
[2026-08-09 20:56:29] Progress [22/308]: Scraping live results for 'Wrap Neck Polka Dot Summer Dress' from Max Fashion...
[2026-08-09 20:56:29] Found 5 products on Max Fashion. Computing CLIP embeddings...
[2026-08-09 20:56:31] Progress [23/308]: Scraping live results for 'Premium Silk Wrap Neck Polka Dot Summer Dress' from Myntra...
[2026-08-09 20:56:37] No live products returned for 'Premium Silk Wrap Neck Polka Dot Summer Dress'. Falling back to template item.
[2026-08-09 20:56:38] Progress [24/308]: Scraping live results for 'Pure Linen Edition Wrap Neck Polka Dot Summer Dress' from Max Fashion...
[2026-08-09 20:56:38] Found 5 products on Max Fashion. Computing CLIP embeddings...
[2026-08-09 20:56:40] Progress [25/308]: Scraping live results for 'Summer Casual Wrap Neck Polka Dot Summer Dress' from Ajio...
[2026-08-09 20:56:41] No live products returned for 'Summer Casual Wrap Neck Polka Dot Summer Dress'. Falling back to template item.
[2026-08-09 20:56:42] Progress [26/308]: Scraping live results for 'Editorial Capsule Wrap Neck Polka Dot Summer Dress' from Myntra...
[2026-08-09 20:56:44] No live products returned for 'Editorial Capsule Wrap Neck Polka Dot Summer Dress'. Falling back to template item.
[2026-08-09 20:56:45] Progress [27/308]: Scraping live results for 'Signature Collection Wrap Neck Polka Dot Summer Dress' from Max Fashion...
[2026-08-09 20:56:45] Found 5 products on Max Fashion. Computing CLIP embeddings...
[2026-08-09 20:56:47] Progress [28/308]: Scraping live results for 'Minimalist Studio Wrap Neck Polka Dot Summer Dress' from Ajio...
[2026-08-09 20:56:49] No live products returned for 'Minimalist Studio Wrap Neck Polka Dot Summer Dress'. Falling back to template item.
[2026-08-09 20:56:50] Progress [29/308]: Scraping live results for 'Bohemian Embroidered Tiered Dress' from Myntra...
[2026-08-09 20:56:52] No live products returned for 'Bohemian Embroidered Tiered Dress'. Falling back to template item.
[2026-08-09 20:56:54] Progress [30/308]: Scraping live results for 'Premium Silk Bohemian Embroidered Tiered Dress' from Max Fashion...
[2026-08-09 20:56:54] Found 5 products on Max Fashion. Computing CLIP embeddings...
[2026-08-09 20:56:55] Progress [31/308]: Scraping live results for 'Pure Linen Edition Bohemian Embroidered Tiered Dress' from Ajio...
[2026-08-09 20:56:59] Initializing live catalog indexing...
[2026-08-09 20:56:59] Loaded 378 existing items. Found 30 already resolved search queries.
[2026-08-09 20:56:59] Identified 308 unique search queries to resolve.
[2026-08-09 20:56:59] Progress [31/308]: Scraping live results for 'Pure Linen Edition Bohemian Embroidered Tiered Dress' from Ajio...
[2026-08-09 20:57:00] No live products returned for 'Pure Linen Edition Bohemian Embroidered Tiered Dress'. Falling back to template item.
[2026-08-09 20:57:07] Progress [32/308]: Scraping live results for 'Summer Casual Bohemian Embroidered Tiered Dress' from Myntra...
[2026-08-09 20:57:09] Found 5 products on Myntra. Computing CLIP embeddings...
[2026-08-09 20:57:13] Initializing live catalog indexing...
[2026-08-09 20:57:13] Loaded 379 existing items. Found 31 already resolved search queries.
[2026-08-09 20:57:13] Identified 308 unique search queries to resolve.
[2026-08-09 20:57:13] Progress [32/308]: Scraping live results for 'Summer Casual Bohemian Embroidered Tiered Dress' from Myntra...
[2026-08-09 20:57:17] Initializing live catalog indexing...
[2026-08-09 20:57:17] Loaded 0 existing items. Found 0 already resolved search queries.
[2026-08-09 20:57:17] Identified 308 unique search queries to resolve.
[2026-08-09 20:57:17] Progress [1/308]: Scraping live results for 'Floral Print Tiered Midi Dress' from Ajio...
[2026-08-09 20:57:18] Found 5 products on Myntra. Computing CLIP embeddings...
[2026-08-09 20:57:27] Progress [33/308]: Scraping live results for 'Editorial Capsule Bohemian Embroidered Tiered Dress' from Max Fashion...
[2026-08-09 20:57:27] Found 5 products on Max Fashion. Computing CLIP embeddings...
[2026-08-09 20:57:30] Progress [34/308]: Scraping live results for 'Signature Collection Bohemian Embroidered Tiered Dress' from Ajio...
[2026-08-09 20:57:31] Ajio search blocked or returned 0 items. Falling back to Myntra search for 'Signature Collection Bohemian Embroidered Tiered Dress'...
[2026-08-09 20:57:33] Found 5 products on Ajio. Computing CLIP embeddings...
[2026-08-09 20:57:34] Progress [35/308]: Scraping live results for 'Minimalist Studio Bohemian Embroidered Tiered Dress' from Myntra...
[2026-08-09 20:57:37] Found 5 products on Myntra. Computing CLIP embeddings...
[2026-08-09 20:57:39] Progress [36/308]: Scraping live results for 'Pleated Pastel Satin Slip Dress' from Myntra...
[2026-08-09 20:57:41] Found 5 products on Myntra. Computing CLIP embeddings...
[2026-08-09 20:57:42] Progress [37/308]: Scraping live results for 'Premium Silk Pleated Pastel Satin Slip Dress' from Ajio...
[2026-08-09 20:57:44] Ajio search blocked or returned 0 items. Falling back to Myntra search for 'Premium Silk Pleated Pastel Satin Slip Dress'...
[2026-08-09 20:57:46] Found 5 products on Ajio. Computing CLIP embeddings...
[2026-08-09 20:57:47] Progress [38/308]: Scraping live results for 'Pure Linen Edition Pleated Pastel Satin Slip Dress' from Myntra...
[2026-08-09 20:57:52] Found 5 products on Myntra. Computing CLIP embeddings...
[2026-08-09 20:57:53] Progress [39/308]: Scraping live results for 'Summer Casual Pleated Pastel Satin Slip Dress' from Max Fashion...
[2026-08-09 20:57:53] Found 5 products on Max Fashion. Computing CLIP embeddings...
[2026-08-09 20:57:55] Progress [40/308]: Scraping live results for 'Editorial Capsule Pleated Pastel Satin Slip Dress' from Ajio...
[2026-08-09 20:57:56] Ajio search blocked or returned 0 items. Falling back to Myntra search for 'Editorial Capsule Pleated Pastel Satin Slip Dress'...
[2026-08-09 20:57:58] Found 5 products on Ajio. Computing CLIP embeddings...
[2026-08-09 20:58:00] Progress [41/308]: Scraping live results for 'Signature Collection Pleated Pastel Satin Slip Dress' from Myntra...
[2026-08-09 20:58:03] Found 5 products on Myntra. Computing CLIP embeddings...
[2026-08-09 20:58:04] Progress [42/308]: Scraping live results for 'Minimalist Studio Pleated Pastel Satin Slip Dress' from Max Fashion...
[2026-08-09 20:58:04] Found 5 products on Max Fashion. Computing CLIP embeddings...
[2026-08-09 20:58:06] Progress [43/308]: Scraping live results for 'Ruffled Off-Shoulder Sundress' from Ajio...
[2026-08-09 20:58:08] Ajio search blocked or returned 0 items. Falling back to Myntra search for 'Ruffled Off-Shoulder Sundress'...
[2026-08-09 20:58:11] Found 5 products on Ajio. Computing CLIP embeddings...
[2026-08-09 20:58:15] Initializing live catalog indexing...
[2026-08-09 20:58:15] Loaded 439 existing items. Found 43 already resolved search queries.
[2026-08-09 20:58:15] Identified 308 unique search queries to resolve.
[2026-08-09 20:58:15] Progress [44/308]: Scraping live results for 'Premium Silk Ruffled Off-Shoulder Sundress' from Myntra...
[2026-08-09 20:58:17] Found 5 products on Myntra. Computing CLIP embeddings...
[2026-08-09 20:58:27] Progress [45/308]: Scraping live results for 'Pure Linen Edition Ruffled Off-Shoulder Sundress' from Max Fashion...
[2026-08-09 20:58:27] Found 5 products on Max Fashion. Computing CLIP embeddings...
[2026-08-09 20:58:29] Progress [46/308]: Scraping live results for 'Summer Casual Ruffled Off-Shoulder Sundress' from Ajio...
[2026-08-09 20:58:31] Ajio search blocked or returned 0 items. Falling back to Myntra search for 'Summer Casual Ruffled Off-Shoulder Sundress'...
[2026-08-09 20:58:35] Found 5 products on Ajio. Computing CLIP embeddings...
[2026-08-09 20:58:36] Progress [47/308]: Scraping live results for 'Editorial Capsule Ruffled Off-Shoulder Sundress' from Myntra...
[2026-08-09 20:58:41] Found 5 products on Myntra. Computing CLIP embeddings...
[2026-08-09 20:58:43] Progress [48/308]: Scraping live results for 'Signature Collection Ruffled Off-Shoulder Sundress' from Max Fashion...
[2026-08-09 20:58:43] Found 5 products on Max Fashion. Computing CLIP embeddings...
[2026-08-09 20:58:45] Progress [49/308]: Scraping live results for 'Minimalist Studio Ruffled Off-Shoulder Sundress' from Ajio...
[2026-08-09 20:58:46] Ajio search blocked or returned 0 items. Falling back to Myntra search for 'Minimalist Studio Ruffled Off-Shoulder Sundress'...
[2026-08-09 20:58:54] Found 5 products on Ajio. Computing CLIP embeddings...
[2026-08-09 20:58:55] Progress [50/308]: Scraping live results for 'Ribbed Knit Bodycon Midi Dress' from Myntra...
[2026-08-09 20:58:58] Found 5 products on Myntra. Computing CLIP embeddings...
[2026-08-09 20:58:59] Progress [51/308]: Scraping live results for 'Premium Silk Ribbed Knit Bodycon Midi Dress' from Max Fashion...
[2026-08-09 20:58:59] Found 5 products on Max Fashion. Computing CLIP embeddings...
[2026-08-09 20:59:01] Progress [52/308]: Scraping live results for 'Pure Linen Edition Ribbed Knit Bodycon Midi Dress' from Ajio...
[2026-08-09 20:59:03] Ajio search blocked or returned 0 items. Falling back to Myntra search for 'Pure Linen Edition Ribbed Knit Bodycon Midi Dress'...
[2026-08-09 20:59:10] Found 5 products on Ajio. Computing CLIP embeddings...
[2026-08-09 20:59:11] Progress [53/308]: Scraping live results for 'Summer Casual Ribbed Knit Bodycon Midi Dress' from Myntra...
[2026-08-09 20:59:20] Found 5 products on Myntra. Computing CLIP embeddings...
[2026-08-09 20:59:21] Progress [54/308]: Scraping live results for 'Editorial Capsule Ribbed Knit Bodycon Midi Dress' from Max Fashion...
[2026-08-09 20:59:21] Found 5 products on Max Fashion. Computing CLIP embeddings...
[2026-08-09 20:59:23] Progress [55/308]: Scraping live results for 'Signature Collection Ribbed Knit Bodycon Midi Dress' from Ajio...
[2026-08-09 20:59:24] Ajio search blocked or returned 0 items. Falling back to Myntra search for 'Signature Collection Ribbed Knit Bodycon Midi Dress'...
[2026-08-09 20:59:26] Found 5 products on Ajio. Computing CLIP embeddings...
[2026-08-09 20:59:28] Progress [56/308]: Scraping live results for 'Minimalist Studio Ribbed Knit Bodycon Midi Dress' from Myntra...
[2026-08-09 20:59:30] Found 5 products on Myntra. Computing CLIP embeddings...
[2026-08-09 20:59:32] Progress [57/308]: Scraping live results for 'Button-Down Denim Shirt Dress' from Ajio...
[2026-08-09 20:59:33] Ajio search blocked or returned 0 items. Falling back to Myntra search for 'Button-Down Denim Shirt Dress'...
[2026-08-09 20:59:41] Found 5 products on Ajio. Computing CLIP embeddings...
[2026-08-09 20:59:42] Progress [58/308]: Scraping live results for 'Premium Silk Button-Down Denim Shirt Dress' from Ajio...
[2026-08-09 20:59:44] Ajio search blocked or returned 0 items. Falling back to Myntra search for 'Premium Silk Button-Down Denim Shirt Dress'...
[2026-08-09 20:59:47] Found 5 products on Ajio. Computing CLIP embeddings...
[2026-08-09 20:59:48] Progress [59/308]: Scraping live results for 'Pure Linen Edition Button-Down Denim Shirt Dress' from Myntra...
[2026-08-09 21:00:04] Found 5 products on Myntra. Computing CLIP embeddings...
[2026-08-09 21:00:05] Progress [60/308]: Scraping live results for 'Summer Casual Button-Down Denim Shirt Dress' from Max Fashion...
[2026-08-09 21:00:05] Found 5 products on Max Fashion. Computing CLIP embeddings...
[2026-08-09 21:00:07] Progress [61/308]: Scraping live results for 'Editorial Capsule Button-Down Denim Shirt Dress' from Ajio...
[2026-08-09 21:00:09] Ajio search blocked or returned 0 items. Falling back to Myntra search for 'Editorial Capsule Button-Down Denim Shirt Dress'...
[2026-08-09 21:00:21] Found 5 products on Ajio. Computing CLIP embeddings...
[2026-08-09 21:00:23] Progress [62/308]: Scraping live results for 'Signature Collection Button-Down Denim Shirt Dress' from Myntra...
[2026-08-09 21:00:25] Found 5 products on Myntra. Computing CLIP embeddings...
[2026-08-09 21:00:26] Progress [63/308]: Scraping live results for 'Minimalist Studio Button-Down Denim Shirt Dress' from Max Fashion...
[2026-08-09 21:00:26] Found 5 products on Max Fashion. Computing CLIP embeddings...
[2026-08-09 21:00:28] Progress [64/308]: Scraping live results for 'Printed Halter Neck Vacation Maxi' from Max Fashion...
[2026-08-09 21:00:28] Found 5 products on Max Fashion. Computing CLIP embeddings...
[2026-08-09 21:00:29] Progress [65/308]: Scraping live results for 'Premium Silk Printed Halter Neck Vacation Maxi' from Myntra...
[2026-08-09 21:00:36] Found 5 products on Myntra. Computing CLIP embeddings...
[2026-08-09 21:00:38] Progress [66/308]: Scraping live results for 'Pure Linen Edition Printed Halter Neck Vacation Maxi' from Max Fashion...
[2026-08-09 21:00:38] Found 5 products on Max Fashion. Computing CLIP embeddings...
[2026-08-09 21:00:39] Progress [67/308]: Scraping live results for 'Summer Casual Printed Halter Neck Vacation Maxi' from Ajio...
[2026-08-09 21:00:42] Ajio search blocked or returned 0 items. Falling back to Myntra search for 'Summer Casual Printed Halter Neck Vacation Maxi'...
[2026-08-09 21:00:44] Found 5 products on Ajio. Computing CLIP embeddings...
[2026-08-09 21:00:45] Progress [68/308]: Scraping live results for 'Editorial Capsule Printed Halter Neck Vacation Maxi' from Myntra...
[2026-08-09 21:00:47] Found 5 products on Myntra. Computing CLIP embeddings...
[2026-08-09 21:00:49] Progress [69/308]: Scraping live results for 'Signature Collection Printed Halter Neck Vacation Maxi' from Max Fashion...
[2026-08-09 21:00:49] Found 5 products on Max Fashion. Computing CLIP embeddings...
[2026-08-09 21:00:51] Progress [70/308]: Scraping live results for 'Minimalist Studio Printed Halter Neck Vacation Maxi' from Ajio...
[2026-08-09 21:00:52] Ajio search blocked or returned 0 items. Falling back to Myntra search for 'Minimalist Studio Printed Halter Neck Vacation Maxi'...
[2026-08-09 21:00:58] Found 5 products on Ajio. Computing CLIP embeddings...
[2026-08-09 21:00:59] Progress [71/308]: Scraping live results for 'Tailored Double-Breasted Blazer Dress' from Myntra...
[2026-08-09 21:01:04] Found 5 products on Myntra. Computing CLIP embeddings...
[2026-08-09 21:01:05] Initializing live catalog indexing...
[2026-08-09 21:01:05] Loaded 0 existing items. Found 0 already resolved search queries.
[2026-08-09 21:01:05] Identified 308 unique search queries to resolve.
[2026-08-09 21:01:05] Progress [1/308]: Scraping live results for 'Floral Print Tiered Midi Dress' from Ajio...
[2026-08-09 21:01:06] Progress [72/308]: Scraping live results for 'Premium Silk Tailored Double-Breasted Blazer Dress' from Max Fashion...
[2026-08-09 21:01:06] Found 5 products on Max Fashion. Computing CLIP embeddings...
[2026-08-09 21:01:06] Ajio search blocked or returned 0 items. Falling back to Myntra search for 'Floral Print Tiered Midi Dress'...
[2026-08-09 21:01:08] Progress [73/308]: Scraping live results for 'Pure Linen Edition Tailored Double-Breasted Blazer Dress' from Ajio...
[2026-08-09 21:01:09] Ajio search blocked or returned 0 items. Falling back to Myntra search for 'Pure Linen Edition Tailored Double-Breasted Blazer Dress'...
[2026-08-09 21:01:09] Found 5 products on Ajio. Computing CLIP embeddings...
[2026-08-09 21:01:12] Found 5 products on Ajio. Computing CLIP embeddings...
[2026-08-09 21:01:13] Progress [74/308]: Scraping live results for 'Summer Casual Tailored Double-Breasted Blazer Dress' from Myntra...
[2026-08-09 21:01:15] Progress [2/308]: Scraping live results for 'Premium Silk Floral Print Tiered Midi Dress' from Myntra...
[2026-08-09 21:01:16] Found 5 products on Myntra. Computing CLIP embeddings...
[2026-08-09 21:01:17] Found 5 products on Myntra. Computing CLIP embeddings...
[2026-08-09 21:01:18] Progress [75/308]: Scraping live results for 'Editorial Capsule Tailored Double-Breasted Blazer Dress' from Max Fashion...
[2026-08-09 21:01:18] Found 5 products on Max Fashion. Computing CLIP embeddings...
[2026-08-09 21:01:19] Progress [3/308]: Scraping live results for 'Pure Linen Edition Floral Print Tiered Midi Dress' from Max Fashion...
[2026-08-09 21:01:19] Found 5 products on Max Fashion. Computing CLIP embeddings...
[2026-08-09 21:01:19] Progress [76/308]: Scraping live results for 'Signature Collection Tailored Double-Breasted Blazer Dress' from Ajio...
[2026-08-09 21:01:20] Progress [4/308]: Scraping live results for 'Summer Casual Floral Print Tiered Midi Dress' from Ajio...
[2026-08-09 21:01:21] Ajio search blocked or returned 0 items. Falling back to Myntra search for 'Signature Collection Tailored Double-Breasted Blazer Dress'...
[2026-08-09 21:01:21] Ajio search blocked or returned 0 items. Falling back to Myntra search for 'Summer Casual Floral Print Tiered Midi Dress'...
[2026-08-09 21:01:24] Found 5 products on Ajio. Computing CLIP embeddings...
[2026-08-09 21:01:24] Found 5 products on Ajio. Computing CLIP embeddings...
[2026-08-09 21:01:25] Progress [77/308]: Scraping live results for 'Minimalist Studio Tailored Double-Breasted Blazer Dress' from Myntra...
[2026-08-09 21:01:25] Progress [5/308]: Scraping live results for 'Editorial Capsule Floral Print Tiered Midi Dress' from Myntra...
[2026-08-09 21:01:28] Found 5 products on Myntra. Computing CLIP embeddings...
[2026-08-09 21:01:28] Found 5 products on Myntra. Computing CLIP embeddings...
[2026-08-09 21:01:29] Progress [78/308]: Scraping live results for 'Smocked Floral Chiffon Sun Dress' from Ajio...
[2026-08-09 21:01:30] Progress [6/308]: Scraping live results for 'Signature Collection Floral Print Tiered Midi Dress' from Max Fashion...
[2026-08-09 21:01:30] Found 5 products on Max Fashion. Computing CLIP embeddings...
[2026-08-09 21:01:31] Progress [7/308]: Scraping live results for 'Minimalist Studio Floral Print Tiered Midi Dress' from Ajio...
[2026-08-09 21:01:32] Ajio search blocked or returned 0 items. Falling back to Myntra search for 'Smocked Floral Chiffon Sun Dress'...
[2026-08-09 21:01:33] Ajio search blocked or returned 0 items. Falling back to Myntra search for 'Minimalist Studio Floral Print Tiered Midi Dress'...
[2026-08-09 21:01:35] Found 5 products on Ajio. Computing CLIP embeddings...
[2026-08-09 21:01:36] Progress [79/308]: Scraping live results for 'Premium Silk Smocked Floral Chiffon Sun Dress' from Ajio...
[2026-08-09 21:01:38] Ajio search blocked or returned 0 items. Falling back to Myntra search for 'Premium Silk Smocked Floral Chiffon Sun Dress'...
[2026-08-09 21:01:39] Found 5 products on Ajio. Computing CLIP embeddings...
[2026-08-09 21:01:41] Progress [80/308]: Scraping live results for 'Pure Linen Edition Smocked Floral Chiffon Sun Dress' from Myntra...
[2026-08-09 21:01:43] Found 5 products on Myntra. Computing CLIP embeddings...
[2026-08-09 21:01:45] Progress [81/308]: Scraping live results for 'Summer Casual Smocked Floral Chiffon Sun Dress' from Max Fashion...
[2026-08-09 21:01:45] Found 5 products on Max Fashion. Computing CLIP embeddings...
[2026-08-09 21:01:47] Progress [82/308]: Scraping live results for 'Editorial Capsule Smocked Floral Chiffon Sun Dress' from Ajio...
[2026-08-09 21:01:49] Ajio search blocked or returned 0 items. Falling back to Myntra search for 'Editorial Capsule Smocked Floral Chiffon Sun Dress'...
[2026-08-09 21:01:52] Found 5 products on Ajio. Computing CLIP embeddings...
[2026-08-09 21:01:53] Progress [83/308]: Scraping live results for 'Signature Collection Smocked Floral Chiffon Sun Dress' from Myntra...
[2026-08-09 21:01:55] Found 5 products on Myntra. Computing CLIP embeddings...
[2026-08-09 21:01:57] Progress [84/308]: Scraping live results for 'Minimalist Studio Smocked Floral Chiffon Sun Dress' from Max Fashion...
[2026-08-09 21:01:57] Found 5 products on Max Fashion. Computing CLIP embeddings...
[2026-08-09 21:01:58] Progress [85/308]: Scraping live results for 'Pure Linen Relaxed Fit Shirt' from Ajio...
[2026-08-09 21:01:59] Ajio search blocked or returned 0 items. Falling back to Myntra search for 'Pure Linen Relaxed Fit Shirt'...
[2026-08-09 21:02:10] Found 5 products on Ajio. Computing CLIP embeddings...
[2026-08-09 21:02:11] Progress [86/308]: Scraping live results for 'Premium Silk Pure Linen Relaxed Fit Shirt' from Myntra...
[2026-08-09 21:02:14] Found 5 products on Myntra. Computing CLIP embeddings...
[2026-08-09 21:02:15] Progress [87/308]: Scraping live results for 'Pure Linen Edition Pure Linen Relaxed Fit Shirt' from Max Fashion...
[2026-08-09 21:02:15] Found 5 products on Max Fashion. Computing CLIP embeddings...
[2026-08-09 21:02:17] Progress [88/308]: Scraping live results for 'Summer Casual Pure Linen Relaxed Fit Shirt' from Ajio...
[2026-08-09 21:02:19] Ajio search blocked or returned 0 items. Falling back to Myntra search for 'Summer Casual Pure Linen Relaxed Fit Shirt'...
[2026-08-09 21:02:21] Found 5 products on Ajio. Computing CLIP embeddings...
[2026-08-09 21:02:23] Progress [89/308]: Scraping live results for 'Editorial Capsule Pure Linen Relaxed Fit Shirt' from Myntra...
[2026-08-09 21:02:25] Found 5 products on Myntra. Computing CLIP embeddings...
[2026-08-09 21:02:26] Progress [90/308]: Scraping live results for 'Signature Collection Pure Linen Relaxed Fit Shirt' from Max Fashion...
[2026-08-09 21:02:26] Found 5 products on Max Fashion. Computing CLIP embeddings...
[2026-08-09 21:02:28] Progress [91/308]: Scraping live results for 'Minimalist Studio Pure Linen Relaxed Fit Shirt' from Ajio...
[2026-08-09 21:02:30] Ajio search blocked or returned 0 items. Falling back to Myntra search for 'Minimalist Studio Pure Linen Relaxed Fit Shirt'...
[2026-08-09 21:02:38] Found 5 products on Ajio. Computing CLIP embeddings...
[2026-08-09 21:02:40] Progress [92/308]: Scraping live results for 'Puff Sleeves Textured Blouse' from Myntra...
[2026-08-09 21:02:42] Found 5 products on Myntra. Computing CLIP embeddings...
[2026-08-09 21:02:44] Progress [93/308]: Scraping live results for 'Premium Silk Puff Sleeves Textured Blouse' from Max Fashion...
[2026-08-09 21:02:44] Found 5 products on Max Fashion. Computing CLIP embeddings...
[2026-08-09 21:02:46] Progress [94/308]: Scraping live results for 'Pure Linen Edition Puff Sleeves Textured Blouse' from Ajio...
[2026-08-09 21:02:47] Ajio search blocked or returned 0 items. Falling back to Myntra search for 'Pure Linen Edition Puff Sleeves Textured Blouse'...
[2026-08-09 21:02:50] Found 5 products on Ajio. Computing CLIP embeddings...
[2026-08-09 21:02:51] Progress [95/308]: Scraping live results for 'Summer Casual Puff Sleeves Textured Blouse' from Myntra...
[2026-08-09 21:02:53] Found 5 products on Myntra. Computing CLIP embeddings...
[2026-08-09 21:02:55] Progress [96/308]: Scraping live results for 'Editorial Capsule Puff Sleeves Textured Blouse' from Max Fashion...
[2026-08-09 21:02:55] Found 5 products on Max Fashion. Computing CLIP embeddings...
[2026-08-09 21:02:56] Progress [97/308]: Scraping live results for 'Signature Collection Puff Sleeves Textured Blouse' from Ajio...
[2026-08-09 21:02:59] Ajio search blocked or returned 0 items. Falling back to Myntra search for 'Signature Collection Puff Sleeves Textured Blouse'...
[2026-08-09 21:03:01] Found 5 products on Ajio. Computing CLIP embeddings...
[2026-08-09 21:03:02] Progress [98/308]: Scraping live results for 'Minimalist Studio Puff Sleeves Textured Blouse' from Myntra...
[2026-08-09 21:03:05] Found 5 products on Myntra. Computing CLIP embeddings...
[2026-08-09 21:03:06] Progress [99/308]: Scraping live results for 'Structured Tailored Linen Waistcoat' from Myntra...
[2026-08-09 21:03:09] Found 5 products on Myntra. Computing CLIP embeddings...
[2026-08-09 21:03:10] Progress [100/308]: Scraping live results for 'Premium Silk Structured Tailored Linen Waistcoat' from Ajio...
[2026-08-09 21:03:13] Ajio search blocked or returned 0 items. Falling back to Myntra search for 'Premium Silk Structured Tailored Linen Waistcoat'...
[2026-08-09 21:03:16] Found 5 products on Ajio. Computing CLIP embeddings...
[2026-08-09 21:03:17] Progress [101/308]: Scraping live results for 'Pure Linen Edition Structured Tailored Linen Waistcoat' from Myntra...
[2026-08-09 21:03:19] Found 5 products on Myntra. Computing CLIP embeddings...
[2026-08-09 21:03:20] Progress [102/308]: Scraping live results for 'Summer Casual Structured Tailored Linen Waistcoat' from Max Fashion...
[2026-08-09 21:03:20] Found 5 products on Max Fashion. Computing CLIP embeddings...
[2026-08-09 21:03:22] Progress [103/308]: Scraping live results for 'Editorial Capsule Structured Tailored Linen Waistcoat' from Ajio...
[2026-08-09 21:03:24] Ajio search blocked or returned 0 items. Falling back to Myntra search for 'Editorial Capsule Structured Tailored Linen Waistcoat'...
[2026-08-09 21:03:27] Found 5 products on Ajio. Computing CLIP embeddings...
[2026-08-09 21:03:29] Progress [104/308]: Scraping live results for 'Signature Collection Structured Tailored Linen Waistcoat' from Myntra...
[2026-08-09 21:03:36] Found 5 products on Myntra. Computing CLIP embeddings...
[2026-08-09 21:03:37] Progress [105/308]: Scraping live results for 'Minimalist Studio Structured Tailored Linen Waistcoat' from Max Fashion...
[2026-08-09 21:03:37] Found 5 products on Max Fashion. Computing CLIP embeddings...
[2026-08-09 21:03:39] Progress [106/308]: Scraping live results for 'Oversized Organic Cotton Striped Tee' from Max Fashion...
[2026-08-09 21:03:39] Found 5 products on Max Fashion. Computing CLIP embeddings...
[2026-08-09 21:03:41] Progress [107/308]: Scraping live results for 'Premium Silk Oversized Organic Cotton Striped Tee' from Myntra...
[2026-08-09 21:03:52] Found 5 products on Myntra. Computing CLIP embeddings...
[2026-08-09 21:03:53] Progress [108/308]: Scraping live results for 'Pure Linen Edition Oversized Organic Cotton Striped Tee' from Max Fashion...
[2026-08-09 21:03:53] Found 5 products on Max Fashion. Computing CLIP embeddings...
[2026-08-09 21:03:55] Progress [109/308]: Scraping live results for 'Summer Casual Oversized Organic Cotton Striped Tee' from Ajio...
[2026-08-09 21:03:57] Ajio search blocked or returned 0 items. Falling back to Myntra search for 'Summer Casual Oversized Organic Cotton Striped Tee'...
[2026-08-09 21:04:00] Found 5 products on Ajio. Computing CLIP embeddings...
[2026-08-09 21:04:01] Progress [110/308]: Scraping live results for 'Editorial Capsule Oversized Organic Cotton Striped Tee' from Myntra...
[2026-08-09 21:04:08] Found 5 products on Myntra. Computing CLIP embeddings...
[2026-08-09 21:04:10] Progress [111/308]: Scraping live results for 'Signature Collection Oversized Organic Cotton Striped Tee' from Max Fashion...
[2026-08-09 21:04:10] Found 5 products on Max Fashion. Computing CLIP embeddings...
[2026-08-09 21:04:12] Progress [112/308]: Scraping live results for 'Minimalist Studio Oversized Organic Cotton Striped Tee' from Ajio...
[2026-08-09 21:04:13] Ajio search blocked or returned 0 items. Falling back to Myntra search for 'Minimalist Studio Oversized Organic Cotton Striped Tee'...
[2026-08-09 21:04:15] Found 5 products on Ajio. Computing CLIP embeddings...
[2026-08-09 21:04:16] Progress [113/308]: Scraping live results for 'Floral Print Chiffon Peplum Top' from Ajio...
[2026-08-09 21:04:18] Ajio search blocked or returned 0 items. Falling back to Myntra search for 'Floral Print Chiffon Peplum Top'...
[2026-08-09 21:04:20] Found 5 products on Ajio. Computing CLIP embeddings...
[2026-08-09 21:04:22] Progress [114/308]: Scraping live results for 'Premium Silk Floral Print Chiffon Peplum Top' from Max Fashion...
[2026-08-09 21:04:22] Found 5 products on Max Fashion. Computing CLIP embeddings...
[2026-08-09 21:04:24] Progress [115/308]: Scraping live results for 'Pure Linen Edition Floral Print Chiffon Peplum Top' from Ajio...
[2026-08-09 21:04:25] Ajio search blocked or returned 0 items. Falling back to Myntra search for 'Pure Linen Edition Floral Print Chiffon Peplum Top'...
[2026-08-09 21:04:27] Found 5 products on Ajio. Computing CLIP embeddings...
[2026-08-09 21:04:29] Progress [116/308]: Scraping live results for 'Summer Casual Floral Print Chiffon Peplum Top' from Myntra...
[2026-08-09 21:04:31] Found 5 products on Myntra. Computing CLIP embeddings...
[2026-08-09 21:04:32] Progress [117/308]: Scraping live results for 'Editorial Capsule Floral Print Chiffon Peplum Top' from Max Fashion...
[2026-08-09 21:04:32] Found 5 products on Max Fashion. Computing CLIP embeddings...
[2026-08-09 21:04:34] Progress [118/308]: Scraping live results for 'Signature Collection Floral Print Chiffon Peplum Top' from Ajio...
[2026-08-09 21:04:36] Ajio search blocked or returned 0 items. Falling back to Myntra search for 'Signature Collection Floral Print Chiffon Peplum Top'...
[2026-08-09 21:04:42] Found 5 products on Ajio. Computing CLIP embeddings...
[2026-08-09 21:04:44] Progress [119/308]: Scraping live results for 'Minimalist Studio Floral Print Chiffon Peplum Top' from Myntra...
[2026-08-09 21:04:55] Found 5 products on Myntra. Computing CLIP embeddings...
[2026-08-09 21:04:57] Progress [120/308]: Scraping live results for 'Square Neck Ribbed Crop Top' from Myntra...
[2026-08-09 21:04:59] Found 5 products on Myntra. Computing CLIP embeddings...
[2026-08-09 21:05:01] Progress [121/308]: Scraping live results for 'Premium Silk Square Neck Ribbed Crop Top' from Ajio...
[2026-08-09 21:05:02] Ajio search blocked or returned 0 items. Falling back to Myntra search for 'Premium Silk Square Neck Ribbed Crop Top'...
[2026-08-09 21:05:06] Found 5 products on Ajio. Computing CLIP embeddings...
[2026-08-09 21:05:07] Progress [122/308]: Scraping live results for 'Pure Linen Edition Square Neck Ribbed Crop Top' from Myntra...
[2026-08-09 21:05:10] Found 5 products on Myntra. Computing CLIP embeddings...
[2026-08-09 21:05:12] Progress [123/308]: Scraping live results for 'Summer Casual Square Neck Ribbed Crop Top' from Max Fashion...
[2026-08-09 21:05:12] Found 5 products on Max Fashion. Computing CLIP embeddings...
[2026-08-09 21:05:14] Progress [124/308]: Scraping live results for 'Editorial Capsule Square Neck Ribbed Crop Top' from Ajio...
[2026-08-09 21:05:15] Ajio search blocked or returned 0 items. Falling back to Myntra search for 'Editorial Capsule Square Neck Ribbed Crop Top'...
[2026-08-09 21:05:17] Found 5 products on Ajio. Computing CLIP embeddings...
[2026-08-09 21:05:19] Progress [125/308]: Scraping live results for 'Signature Collection Square Neck Ribbed Crop Top' from Myntra...
[2026-08-09 21:05:22] Found 5 products on Myntra. Computing CLIP embeddings...
[2026-08-09 21:05:23] Progress [126/308]: Scraping live results for 'Minimalist Studio Square Neck Ribbed Crop Top' from Max Fashion...
[2026-08-09 21:05:23] Found 5 products on Max Fashion. Computing CLIP embeddings...
[2026-08-09 21:05:25] Progress [127/308]: Scraping live results for 'Cowl Neck Satin Evening Cami' from Ajio...
[2026-08-09 21:05:27] Ajio search blocked or returned 0 items. Falling back to Myntra search for 'Cowl Neck Satin Evening Cami'...
[2026-08-09 21:05:41] Found 5 products on Ajio. Computing CLIP embeddings...
[2026-08-09 21:05:42] Progress [128/308]: Scraping live results for 'Premium Silk Cowl Neck Satin Evening Cami' from Myntra...
[2026-08-09 21:05:44] Found 5 products on Myntra. Computing CLIP embeddings...
[2026-08-09 21:05:46] Progress [129/308]: Scraping live results for 'Pure Linen Edition Cowl Neck Satin Evening Cami' from Max Fashion...
[2026-08-09 21:05:46] Found 5 products on Max Fashion. Computing CLIP embeddings...
[2026-08-09 21:05:48] Progress [130/308]: Scraping live results for 'Summer Casual Cowl Neck Satin Evening Cami' from Ajio...
[2026-08-09 21:05:49] Ajio search blocked or returned 0 items. Falling back to Myntra search for 'Summer Casual Cowl Neck Satin Evening Cami'...
[2026-08-09 21:05:51] Found 5 products on Ajio. Computing CLIP embeddings...
[2026-08-09 21:05:53] Progress [131/308]: Scraping live results for 'Editorial Capsule Cowl Neck Satin Evening Cami' from Myntra...
[2026-08-09 21:05:56] Found 5 products on Myntra. Computing CLIP embeddings...
[2026-08-09 21:05:58] Progress [132/308]: Scraping live results for 'Signature Collection Cowl Neck Satin Evening Cami' from Max Fashion...
[2026-08-09 21:05:58] Found 5 products on Max Fashion. Computing CLIP embeddings...
[2026-08-09 21:05:59] Progress [133/308]: Scraping live results for 'Minimalist Studio Cowl Neck Satin Evening Cami' from Ajio...
[2026-08-09 21:06:01] Ajio search blocked or returned 0 items. Falling back to Myntra search for 'Minimalist Studio Cowl Neck Satin Evening Cami'...
[2026-08-09 21:06:06] Found 5 products on Ajio. Computing CLIP embeddings...
[2026-08-09 21:06:07] Progress [134/308]: Scraping live results for 'Embroidered Bohemian Peasant Top' from Max Fashion...
[2026-08-09 21:06:07] Found 5 products on Max Fashion. Computing CLIP embeddings...
[2026-08-09 21:06:09] Progress [135/308]: Scraping live results for 'Premium Silk Embroidered Bohemian Peasant Top' from Max Fashion...
[2026-08-09 21:06:09] Found 5 products on Max Fashion. Computing CLIP embeddings...
[2026-08-09 21:06:11] Progress [136/308]: Scraping live results for 'Pure Linen Edition Embroidered Bohemian Peasant Top' from Ajio...
[2026-08-09 21:06:12] Ajio search blocked or returned 0 items. Falling back to Myntra search for 'Pure Linen Edition Embroidered Bohemian Peasant Top'...
[2026-08-09 21:06:15] Found 5 products on Ajio. Computing CLIP embeddings...
[2026-08-09 21:06:16] Progress [137/308]: Scraping live results for 'Summer Casual Embroidered Bohemian Peasant Top' from Myntra...
[2026-08-09 21:06:20] Found 5 products on Myntra. Computing CLIP embeddings...
[2026-08-09 21:06:21] Progress [138/308]: Scraping live results for 'Editorial Capsule Embroidered Bohemian Peasant Top' from Max Fashion...
[2026-08-09 21:06:21] Found 5 products on Max Fashion. Computing CLIP embeddings...
[2026-08-09 21:06:23] Progress [139/308]: Scraping live results for 'Signature Collection Embroidered Bohemian Peasant Top' from Ajio...
[2026-08-09 21:06:25] Ajio search blocked or returned 0 items. Falling back to Myntra search for 'Signature Collection Embroidered Bohemian Peasant Top'...
[2026-08-09 21:06:28] Found 5 products on Ajio. Computing CLIP embeddings...
[2026-08-09 21:06:29] Progress [140/308]: Scraping live results for 'Minimalist Studio Embroidered Bohemian Peasant Top' from Myntra...
[2026-08-09 21:06:32] Found 5 products on Myntra. Computing CLIP embeddings...
[2026-08-09 21:06:34] Progress [141/308]: Scraping live results for 'Classic Mandarin Collar Casual Shirt' from Myntra...
[2026-08-09 21:06:37] Found 5 products on Myntra. Computing CLIP embeddings...
[2026-08-09 21:06:38] Progress [142/308]: Scraping live results for 'Premium Silk Classic Mandarin Collar Casual Shirt' from Ajio...
[2026-08-09 21:06:40] Ajio search blocked or returned 0 items. Falling back to Myntra search for 'Premium Silk Classic Mandarin Collar Casual Shirt'...
[2026-08-09 21:06:42] Found 5 products on Ajio. Computing CLIP embeddings...
[2026-08-09 21:06:44] Progress [143/308]: Scraping live results for 'Pure Linen Edition Classic Mandarin Collar Casual Shirt' from Myntra...
[2026-08-09 21:06:46] Found 5 products on Myntra. Computing CLIP embeddings...
[2026-08-09 21:06:48] Progress [144/308]: Scraping live results for 'Summer Casual Classic Mandarin Collar Casual Shirt' from Max Fashion...
[2026-08-09 21:06:48] Found 5 products on Max Fashion. Computing CLIP embeddings...
[2026-08-09 21:06:50] Progress [145/308]: Scraping live results for 'Editorial Capsule Classic Mandarin Collar Casual Shirt' from Ajio...
[2026-08-09 21:06:50] Ajio search blocked or returned 0 items. Falling back to Myntra search for 'Editorial Capsule Classic Mandarin Collar Casual Shirt'...
[2026-08-09 21:06:53] Found 5 products on Ajio. Computing CLIP embeddings...
[2026-08-09 21:06:55] Progress [146/308]: Scraping live results for 'Signature Collection Classic Mandarin Collar Casual Shirt' from Myntra...
[2026-08-09 21:06:58] Found 5 products on Myntra. Computing CLIP embeddings...
[2026-08-09 21:07:00] Progress [147/308]: Scraping live results for 'Minimalist Studio Classic Mandarin Collar Casual Shirt' from Max Fashion...
[2026-08-09 21:07:00] Found 5 products on Max Fashion. Computing CLIP embeddings...
[2026-08-09 21:07:01] Progress [148/308]: Scraping live results for 'Monochrome Minimalist Mockneck Knit' from Ajio...
[2026-08-09 21:07:03] Ajio search blocked or returned 0 items. Falling back to Myntra search for 'Monochrome Minimalist Mockneck Knit'...
[2026-08-09 21:07:06] Found 5 products on Ajio. Computing CLIP embeddings...
[2026-08-09 21:07:07] Progress [149/308]: Scraping live results for 'Premium Silk Monochrome Minimalist Mockneck Knit' from Myntra...
[2026-08-09 21:07:10] Found 5 products on Myntra. Computing CLIP embeddings...
[2026-08-09 21:07:12] Progress [150/308]: Scraping live results for 'Pure Linen Edition Monochrome Minimalist Mockneck Knit' from Max Fashion...
[2026-08-09 21:07:12] Found 5 products on Max Fashion. Computing CLIP embeddings...
[2026-08-09 21:07:14] Progress [151/308]: Scraping live results for 'Summer Casual Monochrome Minimalist Mockneck Knit' from Ajio...
[2026-08-09 21:07:15] Ajio search blocked or returned 0 items. Falling back to Myntra search for 'Summer Casual Monochrome Minimalist Mockneck Knit'...
[2026-08-09 21:07:18] Found 5 products on Ajio. Computing CLIP embeddings...
[2026-08-09 21:07:20] Progress [152/308]: Scraping live results for 'Editorial Capsule Monochrome Minimalist Mockneck Knit' from Myntra...
[2026-08-09 21:07:23] Found 5 products on Myntra. Computing CLIP embeddings...
[2026-08-09 21:07:24] Progress [153/308]: Scraping live results for 'Signature Collection Monochrome Minimalist Mockneck Knit' from Max Fashion...
[2026-08-09 21:07:24] Found 5 products on Max Fashion. Computing CLIP embeddings...
[2026-08-09 21:07:26] Progress [154/308]: Scraping live results for 'Minimalist Studio Monochrome Minimalist Mockneck Knit' from Ajio...
[2026-08-09 21:07:28] Ajio search blocked or returned 0 items. Falling back to Myntra search for 'Minimalist Studio Monochrome Minimalist Mockneck Knit'...
[2026-08-09 21:07:31] Found 5 products on Ajio. Computing CLIP embeddings...
[2026-08-09 21:07:33] Progress [155/308]: Scraping live results for 'High-Waist Wide-Leg Pleated Trousers' from Myntra...
[2026-08-09 21:07:36] Found 5 products on Myntra. Computing CLIP embeddings...
[2026-08-09 21:07:37] Progress [156/308]: Scraping live results for 'Premium Silk High-Waist Wide-Leg Pleated Trousers' from Max Fashion...
[2026-08-09 21:07:37] Found 5 products on Max Fashion. Computing CLIP embeddings...
[2026-08-09 21:07:39] Progress [157/308]: Scraping live results for 'Pure Linen Edition High-Waist Wide-Leg Pleated Trousers' from Ajio...
[2026-08-09 21:07:40] Ajio search blocked or returned 0 items. Falling back to Myntra search for 'Pure Linen Edition High-Waist Wide-Leg Pleated Trousers'...
[2026-08-09 21:07:45] Found 5 products on Ajio. Computing CLIP embeddings...
[2026-08-09 21:07:46] Progress [158/308]: Scraping live results for 'Summer Casual High-Waist Wide-Leg Pleated Trousers' from Myntra...
[2026-08-09 21:07:51] Found 5 products on Myntra. Computing CLIP embeddings...
[2026-08-09 21:07:52] Progress [159/308]: Scraping live results for 'Editorial Capsule High-Waist Wide-Leg Pleated Trousers' from Max Fashion...
[2026-08-09 21:07:52] Found 5 products on Max Fashion. Computing CLIP embeddings...
[2026-08-09 21:07:54] Progress [160/308]: Scraping live results for 'Signature Collection High-Waist Wide-Leg Pleated Trousers' from Ajio...
[2026-08-09 21:07:56] Ajio search blocked or returned 0 items. Falling back to Myntra search for 'Signature Collection High-Waist Wide-Leg Pleated Trousers'...
[2026-08-09 21:07:58] Found 5 products on Ajio. Computing CLIP embeddings...
[2026-08-09 21:08:00] Progress [161/308]: Scraping live results for 'Minimalist Studio High-Waist Wide-Leg Pleated Trousers' from Myntra...
[2026-08-09 21:08:04] Found 5 products on Myntra. Computing CLIP embeddings...
[2026-08-09 21:08:05] Progress [162/308]: Scraping live results for 'Classic Straight-Fit Vintage Denim Jeans' from Ajio...
[2026-08-09 21:08:06] Ajio search blocked or returned 0 items. Falling back to Myntra search for 'Classic Straight-Fit Vintage Denim Jeans'...
[2026-08-09 21:08:08] Found 5 products on Ajio. Computing CLIP embeddings...
[2026-08-09 21:08:10] Progress [163/308]: Scraping live results for 'Premium Silk Classic Straight-Fit Vintage Denim Jeans' from Ajio...
[2026-08-09 21:08:11] Ajio search blocked or returned 0 items. Falling back to Myntra search for 'Premium Silk Classic Straight-Fit Vintage Denim Jeans'...
[2026-08-09 21:08:14] Found 5 products on Ajio. Computing CLIP embeddings...
[2026-08-09 21:08:15] Progress [164/308]: Scraping live results for 'Pure Linen Edition Classic Straight-Fit Vintage Denim Jeans' from Myntra...
[2026-08-09 21:08:17] Found 5 products on Myntra. Computing CLIP embeddings...
[2026-08-09 21:08:19] Progress [165/308]: Scraping live results for 'Summer Casual Classic Straight-Fit Vintage Denim Jeans' from Max Fashion...
[2026-08-09 21:08:19] Found 5 products on Max Fashion. Computing CLIP embeddings...
[2026-08-09 21:08:21] Progress [166/308]: Scraping live results for 'Editorial Capsule Classic Straight-Fit Vintage Denim Jeans' from Ajio...
[2026-08-09 21:08:23] Ajio search blocked or returned 0 items. Falling back to Myntra search for 'Editorial Capsule Classic Straight-Fit Vintage Denim Jeans'...
[2026-08-09 21:08:25] Found 5 products on Ajio. Computing CLIP embeddings...
[2026-08-09 21:08:27] Progress [167/308]: Scraping live results for 'Signature Collection Classic Straight-Fit Vintage Denim Jeans' from Myntra...
[2026-08-09 21:08:30] Found 5 products on Myntra. Computing CLIP embeddings...
[2026-08-09 21:08:32] Progress [168/308]: Scraping live results for 'Minimalist Studio Classic Straight-Fit Vintage Denim Jeans' from Max Fashion...
[2026-08-09 21:08:32] Found 5 products on Max Fashion. Computing CLIP embeddings...
[2026-08-09 21:08:33] Progress [169/308]: Scraping live results for 'Pleated A-Line Satin Midi Skirt' from Myntra...
[2026-08-09 21:08:35] Found 5 products on Myntra. Computing CLIP embeddings...
[2026-08-09 21:08:37] Progress [170/308]: Scraping live results for 'Premium Silk Pleated A-Line Satin Midi Skirt' from Myntra...
[2026-08-09 21:08:40] Found 5 products on Myntra. Computing CLIP embeddings...
[2026-08-09 21:08:44] Initializing live catalog indexing...
[2026-08-09 21:08:44] Loaded 1074 existing items. Found 170 already resolved search queries.
[2026-08-09 21:08:44] Identified 308 unique search queries to resolve.
[2026-08-09 21:08:44] Progress [171/308]: Scraping live results for 'Pure Linen Edition Pleated A-Line Satin Midi Skirt' from Max Fashion...
[2026-08-09 21:08:44] Found 5 products on Max Fashion. Computing CLIP embeddings...
[2026-08-09 21:08:51] Initializing live catalog indexing...
[2026-08-09 21:08:51] Loaded 1074 existing items. Found 170 already resolved search queries.
[2026-08-09 21:08:51] Identified 308 unique search queries to resolve.
[2026-08-09 21:08:51] Progress [171/308]: Scraping live results for 'Pure Linen Edition Pleated A-Line Satin Midi Skirt' from Max Fashion...
[2026-08-09 21:08:51] Found 5 products on Max Fashion. Computing CLIP embeddings...
[2026-08-09 21:08:58] Progress [172/308]: Scraping live results for 'Summer Casual Pleated A-Line Satin Midi Skirt' from Ajio...
[2026-08-09 21:08:59] Ajio search blocked or returned 0 items. Falling back to Myntra search for 'Summer Casual Pleated A-Line Satin Midi Skirt'...
[2026-08-09 21:09:02] Found 5 products on Ajio. Computing CLIP embeddings...
[2026-08-09 21:09:04] Progress [173/308]: Scraping live results for 'Editorial Capsule Pleated A-Line Satin Midi Skirt' from Myntra...
[2026-08-09 21:09:07] Found 5 products on Myntra. Computing CLIP embeddings...
[2026-08-09 21:09:09] Progress [174/308]: Scraping live results for 'Signature Collection Pleated A-Line Satin Midi Skirt' from Max Fashion...
[2026-08-09 21:09:09] Found 5 products on Max Fashion. Computing CLIP embeddings...
[2026-08-09 21:09:11] Progress [175/308]: Scraping live results for 'Minimalist Studio Pleated A-Line Satin Midi Skirt' from Ajio...
[2026-08-09 21:09:11] Ajio search blocked or returned 0 items. Falling back to Myntra search for 'Minimalist Studio Pleated A-Line Satin Midi Skirt'...
[2026-08-09 21:09:14] Found 5 products on Ajio. Computing CLIP embeddings...
[2026-08-09 21:09:15] Progress [176/308]: Scraping live results for 'Linen Blend Cropped Culottes' from Ajio...
[2026-08-09 21:09:16] Ajio search blocked or returned 0 items. Falling back to Myntra search for 'Linen Blend Cropped Culottes'...
[2026-08-09 21:09:19] Found 5 products on Ajio. Computing CLIP embeddings...
[2026-08-09 21:09:21] Progress [177/308]: Scraping live results for 'Premium Silk Linen Blend Cropped Culottes' from Max Fashion...
[2026-08-09 21:09:21] Found 5 products on Max Fashion. Computing CLIP embeddings...
[2026-08-09 21:09:22] Progress [178/308]: Scraping live results for 'Pure Linen Edition Linen Blend Cropped Culottes' from Ajio...
[2026-08-09 21:09:25] Ajio search blocked or returned 0 items. Falling back to Myntra search for 'Pure Linen Edition Linen Blend Cropped Culottes'...
[2026-08-09 21:09:28] Found 5 products on Ajio. Computing CLIP embeddings...
[2026-08-09 21:09:30] Progress [179/308]: Scraping live results for 'Summer Casual Linen Blend Cropped Culottes' from Myntra...
[2026-08-09 21:09:33] Found 5 products on Myntra. Computing CLIP embeddings...
[2026-08-09 21:09:35] Progress [180/308]: Scraping live results for 'Editorial Capsule Linen Blend Cropped Culottes' from Max Fashion...
[2026-08-09 21:09:35] Found 5 products on Max Fashion. Computing CLIP embeddings...
[2026-08-09 21:09:36] Progress [181/308]: Scraping live results for 'Signature Collection Linen Blend Cropped Culottes' from Ajio...
[2026-08-09 21:09:37] Ajio search blocked or returned 0 items. Falling back to Myntra search for 'Signature Collection Linen Blend Cropped Culottes'...
[2026-08-09 21:09:40] Found 5 products on Ajio. Computing CLIP embeddings...
[2026-08-09 21:09:42] Progress [182/308]: Scraping live results for 'Minimalist Studio Linen Blend Cropped Culottes' from Myntra...
[2026-08-09 21:09:45] Found 5 products on Myntra. Computing CLIP embeddings...
[2026-08-09 21:09:47] Progress [183/308]: Scraping live results for 'Paperbag Waist Cotton Casual Shorts' from Max Fashion...
[2026-08-09 21:09:47] Found 5 products on Max Fashion. Computing CLIP embeddings...
[2026-08-09 21:09:49] Progress [184/308]: Scraping live results for 'Premium Silk Paperbag Waist Cotton Casual Shorts' from Ajio...
[2026-08-09 21:09:51] Ajio search blocked or returned 0 items. Falling back to Myntra search for 'Premium Silk Paperbag Waist Cotton Casual Shorts'...
[2026-08-09 21:09:54] Found 5 products on Ajio. Computing CLIP embeddings...
[2026-08-09 21:09:56] Progress [185/308]: Scraping live results for 'Pure Linen Edition Paperbag Waist Cotton Casual Shorts' from Myntra...
[2026-08-09 21:09:58] Found 5 products on Myntra. Computing CLIP embeddings...
[2026-08-09 21:10:00] Progress [186/308]: Scraping live results for 'Summer Casual Paperbag Waist Cotton Casual Shorts' from Max Fashion...
[2026-08-09 21:10:00] Found 5 products on Max Fashion. Computing CLIP embeddings...
[2026-08-09 21:10:02] Progress [187/308]: Scraping live results for 'Editorial Capsule Paperbag Waist Cotton Casual Shorts' from Ajio...
[2026-08-09 21:10:03] Ajio search blocked or returned 0 items. Falling back to Myntra search for 'Editorial Capsule Paperbag Waist Cotton Casual Shorts'...
[2026-08-09 21:10:05] Found 5 products on Ajio. Computing CLIP embeddings...
[2026-08-09 21:10:07] Progress [188/308]: Scraping live results for 'Signature Collection Paperbag Waist Cotton Casual Shorts' from Myntra...
[2026-08-09 21:10:09] Found 5 products on Myntra. Computing CLIP embeddings...
[2026-08-09 21:10:11] Progress [189/308]: Scraping live results for 'Minimalist Studio Paperbag Waist Cotton Casual Shorts' from Max Fashion...
[2026-08-09 21:10:11] Found 5 products on Max Fashion. Computing CLIP embeddings...
[2026-08-09 21:10:12] Progress [190/308]: Scraping live results for 'Flared Hem Bohemian Tiered Maxi Skirt' from Myntra...
[2026-08-09 21:10:23] Found 5 products on Myntra. Computing CLIP embeddings...
[2026-08-09 21:10:25] Progress [191/308]: Scraping live results for 'Premium Silk Flared Hem Bohemian Tiered Maxi Skirt' from Myntra...
[2026-08-09 21:10:35] Found 5 products on Myntra. Computing CLIP embeddings...
[2026-08-09 21:10:37] Progress [192/308]: Scraping live results for 'Pure Linen Edition Flared Hem Bohemian Tiered Maxi Skirt' from Max Fashion...
[2026-08-09 21:10:37] Found 5 products on Max Fashion. Computing CLIP embeddings...
[2026-08-09 21:10:38] Progress [193/308]: Scraping live results for 'Summer Casual Flared Hem Bohemian Tiered Maxi Skirt' from Ajio...
[2026-08-09 21:10:40] Ajio search blocked or returned 0 items. Falling back to Myntra search for 'Summer Casual Flared Hem Bohemian Tiered Maxi Skirt'...
[2026-08-09 21:10:51] Found 5 products on Ajio. Computing CLIP embeddings...
[2026-08-09 21:10:52] Progress [194/308]: Scraping live results for 'Editorial Capsule Flared Hem Bohemian Tiered Maxi Skirt' from Myntra...
[2026-08-09 21:10:55] Found 5 products on Myntra. Computing CLIP embeddings...
[2026-08-09 21:10:57] Progress [195/308]: Scraping live results for 'Signature Collection Flared Hem Bohemian Tiered Maxi Skirt' from Max Fashion...
[2026-08-09 21:10:57] Found 5 products on Max Fashion. Computing CLIP embeddings...
[2026-08-09 21:10:59] Progress [196/308]: Scraping live results for 'Minimalist Studio Flared Hem Bohemian Tiered Maxi Skirt' from Ajio...
[2026-08-09 21:11:00] Ajio search blocked or returned 0 items. Falling back to Myntra search for 'Minimalist Studio Flared Hem Bohemian Tiered Maxi Skirt'...
[2026-08-09 21:11:05] Found 5 products on Ajio. Computing CLIP embeddings...
[2026-08-09 21:11:07] Progress [197/308]: Scraping live results for 'High-Rise Tapered Cigarette Pants' from Max Fashion...
[2026-08-09 21:11:07] Found 5 products on Max Fashion. Computing CLIP embeddings...
[2026-08-09 21:11:08] Progress [198/308]: Scraping live results for 'Premium Silk High-Rise Tapered Cigarette Pants' from Max Fashion...
[2026-08-09 21:11:08] Found 5 products on Max Fashion. Computing CLIP embeddings...
[2026-08-09 21:11:10] Progress [199/308]: Scraping live results for 'Pure Linen Edition High-Rise Tapered Cigarette Pants' from Ajio...
[2026-08-09 21:11:12] Ajio search blocked or returned 0 items. Falling back to Myntra search for 'Pure Linen Edition High-Rise Tapered Cigarette Pants'...
[2026-08-09 21:11:14] Found 5 products on Ajio. Computing CLIP embeddings...
[2026-08-09 21:11:16] Progress [200/308]: Scraping live results for 'Summer Casual High-Rise Tapered Cigarette Pants' from Myntra...
[2026-08-09 21:11:22] Found 5 products on Myntra. Computing CLIP embeddings...
[2026-08-09 21:11:24] Progress [201/308]: Scraping live results for 'Editorial Capsule High-Rise Tapered Cigarette Pants' from Max Fashion...
[2026-08-09 21:11:24] Found 5 products on Max Fashion. Computing CLIP embeddings...
[2026-08-09 21:11:26] Progress [202/308]: Scraping live results for 'Signature Collection High-Rise Tapered Cigarette Pants' from Ajio...
[2026-08-09 21:11:27] Ajio search blocked or returned 0 items. Falling back to Myntra search for 'Signature Collection High-Rise Tapered Cigarette Pants'...
[2026-08-09 21:11:30] Found 5 products on Ajio. Computing CLIP embeddings...
[2026-08-09 21:11:32] Progress [203/308]: Scraping live results for 'Minimalist Studio High-Rise Tapered Cigarette Pants' from Myntra...
[2026-08-09 21:11:40] Found 5 products on Myntra. Computing CLIP embeddings...
[2026-08-09 21:11:42] Progress [204/308]: Scraping live results for 'Washed Cargo Utility Joggers' from Myntra...
[2026-08-09 21:11:59] Found 5 products on Myntra. Computing CLIP embeddings...
[2026-08-09 21:12:01] Progress [205/308]: Scraping live results for 'Premium Silk Washed Cargo Utility Joggers' from Ajio...
[2026-08-09 21:12:03] Ajio search blocked or returned 0 items. Falling back to Myntra search for 'Premium Silk Washed Cargo Utility Joggers'...
[2026-08-09 21:12:15] No live products returned for 'Premium Silk Washed Cargo Utility Joggers'. Falling back to template item.
[2026-08-09 21:12:17] Progress [206/308]: Scraping live results for 'Pure Linen Edition Washed Cargo Utility Joggers' from Myntra...
[2026-08-09 21:12:19] Found 5 products on Myntra. Computing CLIP embeddings...
[2026-08-09 21:12:20] Progress [207/308]: Scraping live results for 'Summer Casual Washed Cargo Utility Joggers' from Max Fashion...
[2026-08-09 21:12:20] Found 5 products on Max Fashion. Computing CLIP embeddings...
[2026-08-09 21:12:22] Progress [208/308]: Scraping live results for 'Editorial Capsule Washed Cargo Utility Joggers' from Ajio...
[2026-08-09 21:12:24] Ajio search blocked or returned 0 items. Falling back to Myntra search for 'Editorial Capsule Washed Cargo Utility Joggers'...
[2026-08-09 21:12:26] Found 5 products on Ajio. Computing CLIP embeddings...
[2026-08-09 21:12:28] Progress [209/308]: Scraping live results for 'Signature Collection Washed Cargo Utility Joggers' from Myntra...
[2026-08-09 21:12:31] Found 5 products on Myntra. Computing CLIP embeddings...
[2026-08-09 21:12:33] Progress [210/308]: Scraping live results for 'Minimalist Studio Washed Cargo Utility Joggers' from Max Fashion...
[2026-08-09 21:12:33] Found 5 products on Max Fashion. Computing CLIP embeddings...
[2026-08-09 21:12:35] Progress [211/308]: Scraping live results for 'Handcrafted Chanderi Silk Anarkali Kurta Set' from Ajio...
[2026-08-09 21:12:36] Ajio search blocked or returned 0 items. Falling back to Myntra search for 'Handcrafted Chanderi Silk Anarkali Kurta Set'...
[2026-08-09 21:12:40] Found 5 products on Ajio. Computing CLIP embeddings...
[2026-08-09 21:12:42] Progress [212/308]: Scraping live results for 'Premium Silk Handcrafted Chanderi Silk Anarkali Kurta Set' from Myntra...
[2026-08-09 21:12:44] Found 5 products on Myntra. Computing CLIP embeddings...
[2026-08-09 21:12:45] Progress [213/308]: Scraping live results for 'Pure Linen Edition Handcrafted Chanderi Silk Anarkali Kurta Set' from Max Fashion...
[2026-08-09 21:12:45] Found 5 products on Max Fashion. Computing CLIP embeddings...
[2026-08-09 21:12:47] Progress [214/308]: Scraping live results for 'Summer Casual Handcrafted Chanderi Silk Anarkali Kurta Set' from Ajio...
[2026-08-09 21:12:49] Ajio search blocked or returned 0 items. Falling back to Myntra search for 'Summer Casual Handcrafted Chanderi Silk Anarkali Kurta Set'...
[2026-08-09 21:12:52] Found 5 products on Ajio. Computing CLIP embeddings...
[2026-08-09 21:12:54] Progress [215/308]: Scraping live results for 'Editorial Capsule Handcrafted Chanderi Silk Anarkali Kurta Set' from Myntra...
[2026-08-09 21:12:56] Found 5 products on Myntra. Computing CLIP embeddings...
[2026-08-09 21:12:57] Progress [216/308]: Scraping live results for 'Signature Collection Handcrafted Chanderi Silk Anarkali Kurta Set' from Max Fashion...
[2026-08-09 21:12:57] Found 5 products on Max Fashion. Computing CLIP embeddings...
[2026-08-09 21:12:59] Progress [217/308]: Scraping live results for 'Minimalist Studio Handcrafted Chanderi Silk Anarkali Kurta Set' from Ajio...
[2026-08-09 21:13:01] Ajio search blocked or returned 0 items. Falling back to Myntra search for 'Minimalist Studio Handcrafted Chanderi Silk Anarkali Kurta Set'...
[2026-08-09 21:13:04] Found 5 products on Ajio. Computing CLIP embeddings...
[2026-08-09 21:13:06] Progress [218/308]: Scraping live results for 'Embroidered Georgette Straight Kurta & Palazzos' from Myntra...
[2026-08-09 21:13:11] Found 5 products on Myntra. Computing CLIP embeddings...
[2026-08-09 21:13:13] Progress [219/308]: Scraping live results for 'Premium Silk Embroidered Georgette Straight Kurta & Palazzos' from Max Fashion...
[2026-08-09 21:13:13] Found 5 products on Max Fashion. Computing CLIP embeddings...
[2026-08-09 21:13:15] Progress [220/308]: Scraping live results for 'Pure Linen Edition Embroidered Georgette Straight Kurta & Palazzos' from Ajio...
[2026-08-09 21:13:16] Ajio search blocked or returned 0 items. Falling back to Myntra search for 'Pure Linen Edition Embroidered Georgette Straight Kurta & Palazzos'...
[2026-08-09 21:13:18] Found 5 products on Ajio. Computing CLIP embeddings...
[2026-08-09 21:13:20] Progress [221/308]: Scraping live results for 'Summer Casual Embroidered Georgette Straight Kurta & Palazzos' from Myntra...
[2026-08-09 21:13:24] Found 5 products on Myntra. Computing CLIP embeddings...
[2026-08-09 21:13:25] Progress [222/308]: Scraping live results for 'Editorial Capsule Embroidered Georgette Straight Kurta & Palazzos' from Max Fashion...
[2026-08-09 21:13:25] Found 5 products on Max Fashion. Computing CLIP embeddings...
[2026-08-09 21:13:27] Progress [223/308]: Scraping live results for 'Signature Collection Embroidered Georgette Straight Kurta & Palazzos' from Ajio...
[2026-08-09 21:13:28] Ajio search blocked or returned 0 items. Falling back to Myntra search for 'Signature Collection Embroidered Georgette Straight Kurta & Palazzos'...
[2026-08-09 21:13:34] Found 5 products on Ajio. Computing CLIP embeddings...
[2026-08-09 21:13:36] Progress [224/308]: Scraping live results for 'Minimalist Studio Embroidered Georgette Straight Kurta & Palazzos' from Myntra...
[2026-08-09 21:13:42] Found 5 products on Myntra. Computing CLIP embeddings...
[2026-08-09 21:13:44] Progress [225/308]: Scraping live results for 'Pure Mulberry Silk Kanjeevaram Saree' from Ajio...
[2026-08-09 21:13:45] Ajio search blocked or returned 0 items. Falling back to Myntra search for 'Pure Mulberry Silk Kanjeevaram Saree'...
[2026-08-09 21:13:55] Found 5 products on Ajio. Computing CLIP embeddings...
[2026-08-09 21:13:57] Progress [226/308]: Scraping live results for 'Premium Silk Pure Mulberry Silk Kanjeevaram Saree' from Ajio...
[2026-08-09 21:13:58] Ajio search blocked or returned 0 items. Falling back to Myntra search for 'Premium Silk Pure Mulberry Silk Kanjeevaram Saree'...
[2026-08-09 21:14:12] Found 5 products on Ajio. Computing CLIP embeddings...
[2026-08-09 21:14:14] Progress [227/308]: Scraping live results for 'Pure Linen Edition Pure Mulberry Silk Kanjeevaram Saree' from Myntra...
[2026-08-09 21:14:29] Found 5 products on Myntra. Computing CLIP embeddings...
[2026-08-09 21:14:30] Progress [228/308]: Scraping live results for 'Summer Casual Pure Mulberry Silk Kanjeevaram Saree' from Max Fashion...
[2026-08-09 21:14:30] Found 5 products on Max Fashion. Computing CLIP embeddings...
[2026-08-09 21:14:32] Progress [229/308]: Scraping live results for 'Editorial Capsule Pure Mulberry Silk Kanjeevaram Saree' from Ajio...
[2026-08-09 21:14:34] Ajio search blocked or returned 0 items. Falling back to Myntra search for 'Editorial Capsule Pure Mulberry Silk Kanjeevaram Saree'...
[2026-08-09 21:14:35] Found 5 products on Ajio. Computing CLIP embeddings...
[2026-08-09 21:14:37] Progress [230/308]: Scraping live results for 'Signature Collection Pure Mulberry Silk Kanjeevaram Saree' from Myntra...
[2026-08-09 21:14:39] Found 5 products on Myntra. Computing CLIP embeddings...
[2026-08-09 21:14:41] Progress [231/308]: Scraping live results for 'Minimalist Studio Pure Mulberry Silk Kanjeevaram Saree' from Max Fashion...
[2026-08-09 21:14:41] Found 5 products on Max Fashion. Computing CLIP embeddings...
[2026-08-09 21:14:43] Progress [232/308]: Scraping live results for 'Mirror Work Festive Floor-Length Kurta' from Max Fashion...
[2026-08-09 21:14:43] Found 5 products on Max Fashion. Computing CLIP embeddings...
[2026-08-09 21:14:45] Progress [233/308]: Scraping live results for 'Premium Silk Mirror Work Festive Floor-Length Kurta' from Myntra...
[2026-08-09 21:14:54] Found 5 products on Myntra. Computing CLIP embeddings...
[2026-08-09 21:14:55] Progress [234/308]: Scraping live results for 'Pure Linen Edition Mirror Work Festive Floor-Length Kurta' from Max Fashion...
[2026-08-09 21:14:55] Found 5 products on Max Fashion. Computing CLIP embeddings...
[2026-08-09 21:14:57] Progress [235/308]: Scraping live results for 'Summer Casual Mirror Work Festive Floor-Length Kurta' from Ajio...
[2026-08-09 21:14:59] Ajio search blocked or returned 0 items. Falling back to Myntra search for 'Summer Casual Mirror Work Festive Floor-Length Kurta'...
[2026-08-09 21:15:07] Found 5 products on Ajio. Computing CLIP embeddings...
[2026-08-09 21:15:09] Progress [236/308]: Scraping live results for 'Editorial Capsule Mirror Work Festive Floor-Length Kurta' from Myntra...
[2026-08-09 21:15:16] Found 5 products on Myntra. Computing CLIP embeddings...
[2026-08-09 21:15:19] Progress [237/308]: Scraping live results for 'Signature Collection Mirror Work Festive Floor-Length Kurta' from Max Fashion...
[2026-08-09 21:15:19] Found 5 products on Max Fashion. Computing CLIP embeddings...
[2026-08-09 21:15:22] Progress [238/308]: Scraping live results for 'Minimalist Studio Mirror Work Festive Floor-Length Kurta' from Ajio...
[2026-08-09 21:15:23] Ajio search blocked or returned 0 items. Falling back to Myntra search for 'Minimalist Studio Mirror Work Festive Floor-Length Kurta'...
[2026-08-09 21:15:26] Found 5 products on Ajio. Computing CLIP embeddings...
[2026-08-09 21:15:28] Progress [239/308]: Scraping live results for 'Block Printed Cotton A-Line Kurti' from Myntra...
[2026-08-09 21:15:37] Found 5 products on Myntra. Computing CLIP embeddings...
[2026-08-09 21:15:39] Progress [240/308]: Scraping live results for 'Premium Silk Block Printed Cotton A-Line Kurti' from Max Fashion...
[2026-08-09 21:15:39] Found 5 products on Max Fashion. Computing CLIP embeddings...
[2026-08-09 21:15:41] Progress [241/308]: Scraping live results for 'Pure Linen Edition Block Printed Cotton A-Line Kurti' from Ajio...
[2026-08-09 21:15:42] Ajio search blocked or returned 0 items. Falling back to Myntra search for 'Pure Linen Edition Block Printed Cotton A-Line Kurti'...
[2026-08-09 21:15:44] Found 5 products on Ajio. Computing CLIP embeddings...
[2026-08-09 21:15:46] Progress [242/308]: Scraping live results for 'Summer Casual Block Printed Cotton A-Line Kurti' from Myntra...
[2026-08-09 21:15:48] Found 5 products on Myntra. Computing CLIP embeddings...
[2026-08-09 21:15:49] Progress [243/308]: Scraping live results for 'Editorial Capsule Block Printed Cotton A-Line Kurti' from Max Fashion...
[2026-08-09 21:15:49] Found 5 products on Max Fashion. Computing CLIP embeddings...
[2026-08-09 21:15:51] Progress [244/308]: Scraping live results for 'Signature Collection Block Printed Cotton A-Line Kurti' from Ajio...
[2026-08-09 21:15:53] Ajio search blocked or returned 0 items. Falling back to Myntra search for 'Signature Collection Block Printed Cotton A-Line Kurti'...
[2026-08-09 21:15:54] Found 5 products on Ajio. Computing CLIP embeddings...
[2026-08-09 21:15:56] Progress [245/308]: Scraping live results for 'Minimalist Studio Block Printed Cotton A-Line Kurti' from Myntra...
[2026-08-09 21:16:07] Found 5 products on Myntra. Computing CLIP embeddings...
[2026-08-09 21:16:08] Progress [246/308]: Scraping live results for 'Embellished Banarasi Brocade Dupatta Set' from Ajio...
[2026-08-09 21:16:09] Ajio search blocked or returned 0 items. Falling back to Myntra search for 'Embellished Banarasi Brocade Dupatta Set'...
[2026-08-09 21:16:12] Found 5 products on Ajio. Computing CLIP embeddings...
[2026-08-09 21:16:13] Progress [247/308]: Scraping live results for 'Premium Silk Embellished Banarasi Brocade Dupatta Set' from Ajio...
[2026-08-09 21:16:15] Ajio search blocked or returned 0 items. Falling back to Myntra search for 'Premium Silk Embellished Banarasi Brocade Dupatta Set'...
[2026-08-09 21:16:20] Found 5 products on Ajio. Computing CLIP embeddings...
[2026-08-09 21:16:22] Progress [248/308]: Scraping live results for 'Pure Linen Edition Embellished Banarasi Brocade Dupatta Set' from Myntra...
[2026-08-09 21:16:26] Found 5 products on Myntra. Computing CLIP embeddings...
[2026-08-09 21:16:28] Progress [249/308]: Scraping live results for 'Summer Casual Embellished Banarasi Brocade Dupatta Set' from Max Fashion...
[2026-08-09 21:16:28] Found 5 products on Max Fashion. Computing CLIP embeddings...
[2026-08-09 21:16:29] Progress [250/308]: Scraping live results for 'Editorial Capsule Embellished Banarasi Brocade Dupatta Set' from Ajio...
[2026-08-09 21:16:31] Ajio search blocked or returned 0 items. Falling back to Myntra search for 'Editorial Capsule Embellished Banarasi Brocade Dupatta Set'...
[2026-08-09 21:16:36] Found 5 products on Ajio. Computing CLIP embeddings...
[2026-08-09 21:16:38] Progress [251/308]: Scraping live results for 'Signature Collection Embellished Banarasi Brocade Dupatta Set' from Myntra...
[2026-08-09 21:16:40] Found 5 products on Myntra. Computing CLIP embeddings...
[2026-08-09 21:16:42] Progress [252/308]: Scraping live results for 'Minimalist Studio Embellished Banarasi Brocade Dupatta Set' from Max Fashion...
[2026-08-09 21:16:42] Found 5 products on Max Fashion. Computing CLIP embeddings...
[2026-08-09 21:16:44] Progress [253/308]: Scraping live results for 'Pastel Organza Floral Embroidered Saree' from Myntra...
[2026-08-09 21:16:48] Found 5 products on Myntra. Computing CLIP embeddings...
[2026-08-09 21:16:49] Progress [254/308]: Scraping live results for 'Premium Silk Pastel Organza Floral Embroidered Saree' from Myntra...
[2026-08-09 21:16:51] Found 5 products on Myntra. Computing CLIP embeddings...
[2026-08-09 21:16:53] Progress [255/308]: Scraping live results for 'Pure Linen Edition Pastel Organza Floral Embroidered Saree' from Max Fashion...
[2026-08-09 21:16:53] Found 5 products on Max Fashion. Computing CLIP embeddings...
[2026-08-09 21:16:55] Progress [256/308]: Scraping live results for 'Summer Casual Pastel Organza Floral Embroidered Saree' from Ajio...
[2026-08-09 21:16:57] Ajio search blocked or returned 0 items. Falling back to Myntra search for 'Summer Casual Pastel Organza Floral Embroidered Saree'...
[2026-08-09 21:16:59] Found 5 products on Ajio. Computing CLIP embeddings...
[2026-08-09 21:17:01] Progress [257/308]: Scraping live results for 'Editorial Capsule Pastel Organza Floral Embroidered Saree' from Myntra...
[2026-08-09 21:17:03] Found 5 products on Myntra. Computing CLIP embeddings...
[2026-08-09 21:17:04] Progress [258/308]: Scraping live results for 'Signature Collection Pastel Organza Floral Embroidered Saree' from Max Fashion...
[2026-08-09 21:17:04] Found 5 products on Max Fashion. Computing CLIP embeddings...
[2026-08-09 21:17:06] Progress [259/308]: Scraping live results for 'Minimalist Studio Pastel Organza Floral Embroidered Saree' from Ajio...
[2026-08-09 21:17:08] Ajio search blocked or returned 0 items. Falling back to Myntra search for 'Minimalist Studio Pastel Organza Floral Embroidered Saree'...
[2026-08-09 21:17:10] Found 5 products on Ajio. Computing CLIP embeddings...
[2026-08-09 21:17:12] Progress [260/308]: Scraping live results for 'Contemporary Asymmetrical Indo-Western Tunic' from Max Fashion...
[2026-08-09 21:17:12] Found 5 products on Max Fashion. Computing CLIP embeddings...
[2026-08-09 21:17:14] Progress [261/308]: Scraping live results for 'Premium Silk Contemporary Asymmetrical Indo-Western Tunic' from Max Fashion...
[2026-08-09 21:17:14] Found 5 products on Max Fashion. Computing CLIP embeddings...
[2026-08-09 21:17:16] Progress [262/308]: Scraping live results for 'Pure Linen Edition Contemporary Asymmetrical Indo-Western Tunic' from Ajio...
[2026-08-09 21:17:17] Ajio search blocked or returned 0 items. Falling back to Myntra search for 'Pure Linen Edition Contemporary Asymmetrical Indo-Western Tunic'...
[2026-08-09 21:17:31] Found 5 products on Ajio. Computing CLIP embeddings...
[2026-08-09 21:17:33] Progress [263/308]: Scraping live results for 'Summer Casual Contemporary Asymmetrical Indo-Western Tunic' from Myntra...
[2026-08-09 21:17:46] No live products returned for 'Summer Casual Contemporary Asymmetrical Indo-Western Tunic'. Falling back to template item.
[2026-08-09 21:17:48] Progress [264/308]: Scraping live results for 'Editorial Capsule Contemporary Asymmetrical Indo-Western Tunic' from Max Fashion...
[2026-08-09 21:17:48] Found 5 products on Max Fashion. Computing CLIP embeddings...
[2026-08-09 21:17:50] Progress [265/308]: Scraping live results for 'Signature Collection Contemporary Asymmetrical Indo-Western Tunic' from Ajio...
[2026-08-09 21:17:52] Ajio search blocked or returned 0 items. Falling back to Myntra search for 'Signature Collection Contemporary Asymmetrical Indo-Western Tunic'...
[2026-08-09 21:17:55] Found 5 products on Ajio. Computing CLIP embeddings...
[2026-08-09 21:17:57] Progress [266/308]: Scraping live results for 'Minimalist Studio Contemporary Asymmetrical Indo-Western Tunic' from Myntra...
[2026-08-09 21:17:59] Found 5 products on Myntra. Computing CLIP embeddings...
[2026-08-09 21:18:01] Progress [267/308]: Scraping live results for 'Strappy Minimalist Block Heel Sandals' from Myntra...
[2026-08-09 21:18:03] Found 5 products on Myntra. Computing CLIP embeddings...
[2026-08-09 21:18:05] Progress [268/308]: Scraping live results for 'Premium Silk Strappy Minimalist Block Heel Sandals' from Ajio...
[2026-08-09 21:18:06] Ajio search blocked or returned 0 items. Falling back to Myntra search for 'Premium Silk Strappy Minimalist Block Heel Sandals'...
[2026-08-09 21:18:12] Found 5 products on Ajio. Computing CLIP embeddings...
[2026-08-09 21:18:14] Progress [269/308]: Scraping live results for 'Pure Linen Edition Strappy Minimalist Block Heel Sandals' from Myntra...
[2026-08-09 21:18:17] Found 5 products on Myntra. Computing CLIP embeddings...
[2026-08-09 21:18:19] Progress [270/308]: Scraping live results for 'Summer Casual Strappy Minimalist Block Heel Sandals' from Max Fashion...
[2026-08-09 21:18:19] Found 5 products on Max Fashion. Computing CLIP embeddings...
[2026-08-09 21:18:21] Progress [271/308]: Scraping live results for 'Editorial Capsule Strappy Minimalist Block Heel Sandals' from Ajio...
[2026-08-09 21:18:22] Ajio search blocked or returned 0 items. Falling back to Myntra search for 'Editorial Capsule Strappy Minimalist Block Heel Sandals'...
[2026-08-09 21:18:25] Found 5 products on Ajio. Computing CLIP embeddings...
[2026-08-09 21:18:27] Progress [272/308]: Scraping live results for 'Signature Collection Strappy Minimalist Block Heel Sandals' from Myntra...
[2026-08-09 21:18:30] Found 5 products on Myntra. Computing CLIP embeddings...
[2026-08-09 21:18:32] Progress [273/308]: Scraping live results for 'Minimalist Studio Strappy Minimalist Block Heel Sandals' from Max Fashion...
[2026-08-09 21:18:32] Found 5 products on Max Fashion. Computing CLIP embeddings...
[2026-08-09 21:18:34] Progress [274/308]: Scraping live results for 'Pointed Toe Leather Stiletto Pumps' from Ajio...
[2026-08-09 21:18:35] Ajio search blocked or returned 0 items. Falling back to Myntra search for 'Pointed Toe Leather Stiletto Pumps'...
[2026-08-09 21:18:50] No live products returned for 'Pointed Toe Leather Stiletto Pumps'. Falling back to template item.
[2026-08-09 21:18:51] Progress [275/308]: Scraping live results for 'Premium Silk Pointed Toe Leather Stiletto Pumps' from Myntra...
[2026-08-09 21:18:55] Found 5 products on Myntra. Computing CLIP embeddings...
[2026-08-09 21:18:57] Progress [276/308]: Scraping live results for 'Pure Linen Edition Pointed Toe Leather Stiletto Pumps' from Max Fashion...
[2026-08-09 21:18:57] Found 5 products on Max Fashion. Computing CLIP embeddings...
[2026-08-09 21:18:59] Progress [277/308]: Scraping live results for 'Summer Casual Pointed Toe Leather Stiletto Pumps' from Ajio...
[2026-08-09 21:19:01] Ajio search blocked or returned 0 items. Falling back to Myntra search for 'Summer Casual Pointed Toe Leather Stiletto Pumps'...
[2026-08-09 21:19:03] Found 5 products on Ajio. Computing CLIP embeddings...
[2026-08-09 21:19:04] Progress [278/308]: Scraping live results for 'Editorial Capsule Pointed Toe Leather Stiletto Pumps' from Myntra...
[2026-08-09 21:19:09] Found 5 products on Myntra. Computing CLIP embeddings...
[2026-08-09 21:19:10] Progress [279/308]: Scraping live results for 'Signature Collection Pointed Toe Leather Stiletto Pumps' from Max Fashion...
[2026-08-09 21:19:10] Found 5 products on Max Fashion. Computing CLIP embeddings...
[2026-08-09 21:19:12] Progress [280/308]: Scraping live results for 'Minimalist Studio Pointed Toe Leather Stiletto Pumps' from Ajio...
[2026-08-09 21:19:14] Ajio search blocked or returned 0 items. Falling back to Myntra search for 'Minimalist Studio Pointed Toe Leather Stiletto Pumps'...
[2026-08-09 21:19:17] Found 5 products on Ajio. Computing CLIP embeddings...
[2026-08-09 21:19:19] Progress [281/308]: Scraping live results for 'Braided Leather Flat Summer Slides' from Max Fashion...
[2026-08-09 21:19:19] Found 5 products on Max Fashion. Computing CLIP embeddings...
[2026-08-09 21:19:21] Progress [282/308]: Scraping live results for 'Premium Silk Braided Leather Flat Summer Slides' from Max Fashion...
[2026-08-09 21:19:21] Found 5 products on Max Fashion. Computing CLIP embeddings...
[2026-08-09 21:19:23] Progress [283/308]: Scraping live results for 'Pure Linen Edition Braided Leather Flat Summer Slides' from Ajio...
[2026-08-09 21:19:26] Ajio search blocked or returned 0 items. Falling back to Myntra search for 'Pure Linen Edition Braided Leather Flat Summer Slides'...
[2026-08-09 21:19:28] Found 5 products on Ajio. Computing CLIP embeddings...
[2026-08-09 21:19:30] Progress [284/308]: Scraping live results for 'Summer Casual Braided Leather Flat Summer Slides' from Myntra...
[2026-08-09 21:19:32] Found 5 products on Myntra. Computing CLIP embeddings...
[2026-08-09 21:19:34] Progress [285/308]: Scraping live results for 'Editorial Capsule Braided Leather Flat Summer Slides' from Max Fashion...
[2026-08-09 21:19:34] Found 5 products on Max Fashion. Computing CLIP embeddings...
[2026-08-09 21:19:36] Progress [286/308]: Scraping live results for 'Signature Collection Braided Leather Flat Summer Slides' from Ajio...
[2026-08-09 21:19:38] Ajio search blocked or returned 0 items. Falling back to Myntra search for 'Signature Collection Braided Leather Flat Summer Slides'...
[2026-08-09 21:19:44] Found 5 products on Ajio. Computing CLIP embeddings...
[2026-08-09 21:19:46] Progress [287/308]: Scraping live results for 'Minimalist Studio Braided Leather Flat Summer Slides' from Myntra...
[2026-08-09 21:19:54] Found 5 products on Myntra. Computing CLIP embeddings...
[2026-08-09 21:19:56] Progress [288/308]: Scraping live results for 'Chunky Platform Retro Sneakers' from Myntra...
[2026-08-09 21:19:58] Found 5 products on Myntra. Computing CLIP embeddings...
[2026-08-09 21:20:00] Progress [289/308]: Scraping live results for 'Premium Silk Chunky Platform Retro Sneakers' from Ajio...
[2026-08-09 21:20:02] Ajio search blocked or returned 0 items. Falling back to Myntra search for 'Premium Silk Chunky Platform Retro Sneakers'...
[2026-08-09 21:20:06] Found 5 products on Ajio. Computing CLIP embeddings...
[2026-08-09 21:20:08] Progress [290/308]: Scraping live results for 'Pure Linen Edition Chunky Platform Retro Sneakers' from Myntra...
[2026-08-09 21:20:10] Found 5 products on Myntra. Computing CLIP embeddings...
[2026-08-09 21:20:11] Progress [291/308]: Scraping live results for 'Summer Casual Chunky Platform Retro Sneakers' from Max Fashion...
[2026-08-09 21:20:11] Found 5 products on Max Fashion. Computing CLIP embeddings...
[2026-08-09 21:20:13] Progress [292/308]: Scraping live results for 'Editorial Capsule Chunky Platform Retro Sneakers' from Ajio...
[2026-08-09 21:20:14] Ajio search blocked or returned 0 items. Falling back to Myntra search for 'Editorial Capsule Chunky Platform Retro Sneakers'...
[2026-08-09 21:20:17] Found 5 products on Ajio. Computing CLIP embeddings...
[2026-08-09 21:20:19] Progress [293/308]: Scraping live results for 'Signature Collection Chunky Platform Retro Sneakers' from Myntra...
[2026-08-09 21:20:25] Found 5 products on Myntra. Computing CLIP embeddings...
[2026-08-09 21:20:27] Progress [294/308]: Scraping live results for 'Minimalist Studio Chunky Platform Retro Sneakers' from Max Fashion...
[2026-08-09 21:20:27] Found 5 products on Max Fashion. Computing CLIP embeddings...
[2026-08-09 21:20:29] Progress [295/308]: Scraping live results for 'Embroidered Traditional Punjabi Juttis' from Ajio...
[2026-08-09 21:20:30] Ajio search blocked or returned 0 items. Falling back to Myntra search for 'Embroidered Traditional Punjabi Juttis'...
[2026-08-09 21:20:38] Found 5 products on Ajio. Computing CLIP embeddings...
[2026-08-09 21:20:40] Progress [296/308]: Scraping live results for 'Premium Silk Embroidered Traditional Punjabi Juttis' from Myntra...
[2026-08-09 21:20:43] Found 5 products on Myntra. Computing CLIP embeddings...
[2026-08-09 21:20:45] Progress [297/308]: Scraping live results for 'Pure Linen Edition Embroidered Traditional Punjabi Juttis' from Max Fashion...
[2026-08-09 21:20:45] Found 5 products on Max Fashion. Computing CLIP embeddings...
[2026-08-09 21:20:47] Progress [298/308]: Scraping live results for 'Summer Casual Embroidered Traditional Punjabi Juttis' from Ajio...
[2026-08-09 21:20:48] Ajio search blocked or returned 0 items. Falling back to Myntra search for 'Summer Casual Embroidered Traditional Punjabi Juttis'...
[2026-08-09 21:20:50] Found 5 products on Ajio. Computing CLIP embeddings...
[2026-08-09 21:20:52] Progress [299/308]: Scraping live results for 'Editorial Capsule Embroidered Traditional Punjabi Juttis' from Myntra...
[2026-08-09 21:20:55] Found 5 products on Myntra. Computing CLIP embeddings...
[2026-08-09 21:20:57] Progress [300/308]: Scraping live results for 'Signature Collection Embroidered Traditional Punjabi Juttis' from Max Fashion...
[2026-08-09 21:20:57] Found 5 products on Max Fashion. Computing CLIP embeddings...
[2026-08-09 21:20:59] Progress [301/308]: Scraping live results for 'Minimalist Studio Embroidered Traditional Punjabi Juttis' from Ajio...
[2026-08-09 21:21:00] Ajio search blocked or returned 0 items. Falling back to Myntra search for 'Minimalist Studio Embroidered Traditional Punjabi Juttis'...
[2026-08-09 21:21:02] Found 5 products on Ajio. Computing CLIP embeddings...
[2026-08-09 21:21:04] Progress [302/308]: Scraping live results for 'Ankle-Strap Espadrille Wedge Heels' from Myntra...
[2026-08-09 21:21:10] Found 5 products on Myntra. Computing CLIP embeddings...
[2026-08-09 21:21:12] Progress [303/308]: Scraping live results for 'Premium Silk Ankle-Strap Espadrille Wedge Heels' from Max Fashion...
[2026-08-09 21:21:12] Found 5 products on Max Fashion. Computing CLIP embeddings...
[2026-08-09 21:21:14] Progress [304/308]: Scraping live results for 'Pure Linen Edition Ankle-Strap Espadrille Wedge Heels' from Ajio...
[2026-08-09 21:21:15] Ajio search blocked or returned 0 items. Falling back to Myntra search for 'Pure Linen Edition Ankle-Strap Espadrille Wedge Heels'...
[2026-08-09 21:21:24] Found 5 products on Ajio. Computing CLIP embeddings...
[2026-08-09 21:21:26] Progress [305/308]: Scraping live results for 'Summer Casual Ankle-Strap Espadrille Wedge Heels' from Myntra...
[2026-08-09 21:21:28] Found 5 products on Myntra. Computing CLIP embeddings...
[2026-08-09 21:21:30] Progress [306/308]: Scraping live results for 'Editorial Capsule Ankle-Strap Espadrille Wedge Heels' from Max Fashion...
[2026-08-09 21:21:30] Found 5 products on Max Fashion. Computing CLIP embeddings...
[2026-08-09 21:21:32] Progress [307/308]: Scraping live results for 'Signature Collection Ankle-Strap Espadrille Wedge Heels' from Ajio...
[2026-08-09 21:21:34] Ajio search blocked or returned 0 items. Falling back to Myntra search for 'Signature Collection Ankle-Strap Espadrille Wedge Heels'...
[2026-08-09 21:21:36] Found 5 products on Ajio. Computing CLIP embeddings...
[2026-08-09 21:21:38] Progress [308/308]: Scraping live results for 'Minimalist Studio Ankle-Strap Espadrille Wedge Heels' from Myntra...
[2026-08-09 21:21:40] Found 5 products on Myntra. Computing CLIP embeddings...
[2026-08-09 21:21:42] Progress complete! Resolved 138 new search queries. Total catalog items: 1752
[2026-08-09 21:28:42] Starting on-demand scrape: category='tops', retailer='all'
[2026-08-09 21:28:57] Scraped 25 live products.
[2026-08-16 14:45:51] Initializing live catalog indexing...
[2026-08-16 14:45:51] Loaded 1752 existing items. Found 308 already resolved search queries.
[2026-08-16 14:45:51] Identified 308 unique search queries to resolve.
[2026-08-16 14:45:51] Progress complete! Resolved 0 new search queries. Total catalog items: 1752
[2026-08-17 01:39:15] Starting clean multi-retailer catalog scraping & indexing...
[2026-08-17 01:39:15] Scraping live Myntra products for category: 'dresses'...
[2026-08-17 01:39:17] Retrieved 34 items from Myntra for 'dresses'.
[2026-08-17 01:39:18] Scraping live Myntra products for category: 'tops'...
[2026-08-17 01:39:22] Retrieved 34 items from Myntra for 'tops'.
[2026-08-17 01:39:23] Scraping live Myntra products for category: 'bottoms'...
[2026-08-17 01:39:27] Starting clean multi-retailer catalog scraping & indexing...
[2026-08-17 01:39:27] Scraping live Myntra products for category: 'dresses'...
[2026-08-17 01:39:29] Retrieved 34 items from Myntra for 'dresses'.
[2026-08-17 01:39:30] Scraping live Myntra products for category: 'tops'...
[2026-08-17 01:39:32] Retrieved 34 items from Myntra for 'tops'.
[2026-08-17 01:39:33] Scraping live Myntra products for category: 'bottoms'...
[2026-08-17 01:39:33] Starting clean multi-retailer catalog scraping & indexing...
[2026-08-17 01:39:33] Scraping live Myntra products for category: 'dresses'...
[2026-08-17 01:39:35] Retrieved 34 items from Myntra for 'bottoms'.
[2026-08-17 01:39:36] Retrieved 34 items from Myntra for 'dresses'.
[2026-08-17 01:39:36] Scraping live Myntra products for category: 'ethnic'...
[2026-08-17 01:39:37] Scraping live Myntra products for category: 'tops'...
[2026-08-17 01:39:39] Retrieved 34 items from Myntra for 'ethnic'.
[2026-08-17 01:39:39] Retrieved 34 items from Myntra for 'tops'.
[2026-08-17 01:39:40] Scraping live Myntra products for category: 'footwear'...
[2026-08-17 01:39:40] Scraping live Myntra products for category: 'bottoms'...
[2026-08-17 01:39:42] Retrieved 34 items from Myntra for 'bottoms'.
[2026-08-17 01:39:42] Retrieved 32 items from Myntra for 'footwear'.
[2026-08-17 01:39:43] Scraping live Myntra products for category: 'ethnic'...
[2026-08-17 01:39:43] Loaded 26 curated direct products for Ajio & Max Fashion.
[2026-08-17 01:39:43] Deduplication complete: 194 unique products across 5 categories.
[2026-08-17 01:39:43] Generating Fashion-CLIP embeddings for unique products...
[2026-08-17 01:39:46] Retrieved 34 items from Myntra for 'ethnic'.
[2026-08-17 01:39:47] Scraping live Myntra products for category: 'footwear'...
[2026-08-17 01:39:49] Retrieved 32 items from Myntra for 'footwear'.
[2026-08-17 01:39:50] Loaded 26 curated direct products for Ajio & Max Fashion.
[2026-08-17 01:39:50] Deduplication complete: 194 unique products across 5 categories.
[2026-08-17 01:39:50] Generating Fashion-CLIP embeddings for unique products...
[2026-08-17 01:39:54] Embedded [20/194] products...
[2026-08-17 01:39:57] Embedded [40/194] products...
[2026-08-17 01:39:58] Embedded [20/194] products...
[2026-08-17 01:40:00] Embedded [60/194] products...
[2026-08-17 01:40:01] Embedded [40/194] products...
[2026-08-17 01:40:03] Embedded [80/194] products...
[2026-08-17 01:40:03] Embedded [60/194] products...
[2026-08-17 01:40:05] Embedded [100/194] products...
[2026-08-17 01:40:06] Embedded [80/194] products...
[2026-08-17 01:40:08] Embedded [100/194] products...
[2026-08-17 01:40:08] Embedded [120/194] products...
[2026-08-17 01:40:11] Embedded [120/194] products...
[2026-08-17 01:40:11] Embedded [140/194] products...
[2026-08-17 01:40:14] Embedded [160/194] products...
[2026-08-17 01:40:14] Embedded [140/194] products...
[2026-08-17 01:40:14] Error in clean catalog build: [Errno 2] No such file or directory: '/Users/gaurang/Documents/Development/fashion-2/data/products.json.tmp' -> '/Users/gaurang/Documents/Development/fashion-2/data/products.json'
[2026-08-17 01:40:17] Embedded [180/194] products...
[2026-08-17 01:40:21] Embedded [194/194] products...
[2026-08-17 01:40:21] Catalog indexing finished! Total unique items indexed: 194
[2026-08-17 01:40:27] Loaded existing clean catalog with 194 unique items.
[2026-08-17 01:40:36] Loaded existing clean catalog with 194 unique items.
[2026-08-17 01:40:39] Starting clean multi-retailer catalog scraping & indexing...
[2026-08-17 01:40:39] Scraping live Myntra products for category: 'dresses'...
[2026-08-17 01:40:41] Retrieved 34 items from Myntra for 'dresses'.
[2026-08-17 01:40:42] Scraping live Myntra products for category: 'tops'...
[2026-08-17 01:40:45] Retrieved 34 items from Myntra for 'tops'.
[2026-08-17 01:40:46] Scraping live Myntra products for category: 'bottoms'...
[2026-08-17 01:40:48] Retrieved 34 items from Myntra for 'bottoms'.
[2026-08-17 01:40:49] Scraping live Myntra products for category: 'ethnic'...
[2026-08-17 01:40:52] Retrieved 34 items from Myntra for 'ethnic'.
[2026-08-17 01:40:53] Scraping live Myntra products for category: 'footwear'...
[2026-08-17 01:40:55] Retrieved 32 items from Myntra for 'footwear'.
[2026-08-17 01:40:56] Loaded 26 curated direct products for Ajio & Max Fashion.
[2026-08-17 01:40:56] Deduplication complete: 194 unique products across 5 categories.
[2026-08-17 01:40:56] Generating Fashion-CLIP embeddings for unique products...
[2026-08-17 01:41:10] Embedded [20/194] products...
[2026-08-17 01:41:13] Embedded [40/194] products...
[2026-08-17 01:41:16] Embedded [60/194] products...
[2026-08-17 01:41:18] Embedded [80/194] products...
[2026-08-17 01:41:20] Embedded [100/194] products...
[2026-08-17 01:41:23] Embedded [120/194] products...
[2026-08-17 01:41:26] Embedded [140/194] products...
[2026-08-17 01:41:28] Embedded [160/194] products...
[2026-08-17 01:41:30] Embedded [180/194] products...
[2026-08-17 01:41:32] Embedded [194/194] products...
[2026-08-17 01:41:32] Catalog indexing finished! Total unique items indexed: 194
[2026-08-17 02:21:48] Loaded existing clean catalog with 194 unique items.
[2026-08-17 02:22:00] Loaded existing clean catalog with 194 unique items.
[2026-08-17 02:22:16] Loaded existing clean catalog with 194 unique items.
[2026-08-17 02:22:24] Loaded existing clean catalog with 194 unique items.
[2026-08-17 02:23:02] Starting targeted live product discovery for 1 newly scanned garments...
[2026-08-17 02:23:02] [1/1] Scraping live Myntra items matching 'Pink Floral dresses' (Category: dresses)...
[2026-08-17 02:23:07] Retrieved 15 candidate items for 'Pink Floral dresses'.
[2026-08-17 02:23:08] Found 15 completely unique new products to index.
[2026-08-17 02:23:08] Downloading images and computing Fashion-CLIP embeddings for new products...
[2026-08-17 02:23:18] Embedded [10/15] new items...
[2026-08-17 02:23:19] Embedded [15/15] new items...
[2026-08-17 02:23:19] New garment live enrichment complete! Total catalog items: 209
[2026-08-17 22:30:05] Starting on-demand scrape: category='tops', retailer='all'
[2026-08-17 22:30:10] Scraped 25 live products.
[2026-08-17 22:31:30] Starting on-demand scrape: category='tops', retailer='all'
[2026-08-17 22:31:36] Scraped 25 live products.
[2026-08-17 22:31:59] Starting on-demand scrape: category='tops', retailer='all'
[2026-08-17 22:32:08] Scraped 25 live products.
[2026-08-17 22:36:11] Loaded existing clean catalog with 209 unique items.
[2026-08-17 22:36:30] Starting on-demand scrape: category='tops', retailer='myntra'
[2026-08-17 22:36:31] Scraped 30 candidate live products from retailers.
[2026-08-17 22:36:31] Identified 17 completely new unique products to index.
[2026-08-17 22:36:31] Downloading images and computing Fashion-CLIP embeddings for new products...
[2026-08-17 22:36:39] Successfully added and indexed 17 new products. Total catalog size: 226
[2026-08-22 13:52:51] Starting on-demand scrape: category='tops', retailer='all'
[2026-08-22 13:52:58] Scraped 30 candidate live products from retailers.
[2026-08-22 13:52:58] Identified 18 completely new unique products to index.
[2026-08-22 13:52:58] Downloading images and computing Fashion-CLIP embeddings for new products...
[2026-08-22 13:53:06] Successfully added and indexed 18 new products. Total catalog size: 227
[2026-09-08 21:23:13] Loaded existing clean catalog with 227 unique items.
[2026-09-08 21:46:41] Loaded existing clean catalog with 227 unique items.
[2026-09-08 21:46:44] Loaded existing clean catalog with 227 unique items.
[2026-09-08 21:46:49] Loaded existing clean catalog with 227 unique items.
[2026-09-08 22:28:23] Loaded existing clean catalog with 227 unique items.
[2026-09-08 22:28:23] Starting targeted scrape driven by liked & wardrobe items: category='dresses', retailer='Myntra'
[2026-09-08 22:28:23] Step 1: Generated 21 detailed search prompts from liked & wardrobe garments.
[2026-09-08 22:28:23] Scraping platforms for detailed prompt: '#101010 #b07090 dress1 dresses' (category: dresses)...
[2026-09-08 22:28:25] Scraping platforms for detailed prompt: '#303030 #101010 dress10 dresses' (category: dresses)...
[2026-09-08 22:28:28] Scraping platforms for detailed prompt: '#9090b0 #101010 dress11 dresses' (category: dresses)...
[2026-09-08 22:28:30] Scraping platforms for detailed prompt: '#505050 #101010 dress12 dresses' (category: dresses)...
[2026-09-08 22:28:32] Starting targeted scrape driven by liked & wardrobe items: category='dresses', retailer='Myntra'
[2026-09-08 22:28:32] Step 1: Generated 21 detailed search prompts from liked & wardrobe garments.
[2026-09-08 22:28:32] Scraping platforms for detailed prompt: '#101010 #b07090 dress1 dresses' (category: dresses)...
[2026-09-08 22:28:33] Scraping platforms for detailed prompt: '#b09050 #907030 dress13 dresses' (category: dresses)...
[2026-09-08 22:28:34] Scraped 0 candidate live products across platforms.
[2026-09-08 22:28:34] Identified 0 completely new unique candidate products.
[2026-09-08 22:28:34] Scraping platforms for detailed prompt: '#303030 #101010 dress10 dresses' (category: dresses)...
[2026-09-08 22:28:37] Scraping platforms for detailed prompt: '#9090b0 #101010 dress11 dresses' (category: dresses)...
[2026-09-08 22:28:40] Scraping platforms for detailed prompt: '#505050 #101010 dress12 dresses' (category: dresses)...
[2026-09-08 22:28:43] Scraping platforms for detailed prompt: '#b09050 #907030 dress13 dresses' (category: dresses)...
[2026-09-08 22:28:45] Scraped 0 candidate live products across platforms.
[2026-09-08 22:28:45] Identified 0 completely new unique candidate products.
[2026-09-08 22:28:56] Loaded existing clean catalog with 227 unique items.
[2026-09-08 22:28:57] Starting targeted scrape driven by liked & wardrobe items: category='dresses', retailer='Myntra'
[2026-09-08 22:28:57] Step 1: Generated 14 detailed search prompts from liked & wardrobe garments.
[2026-09-08 22:28:57] Scraping platforms for detailed prompt: 'anayna Floral Print Puff Sleeve Top dresses' (category: dresses)...
[2026-09-08 22:29:01] Scraping platforms for detailed prompt: 'DressBerry Print Top dresses' (category: dresses)...
[2026-09-08 22:29:03] Scraping platforms for detailed prompt: 'QIOA Peplum Crop Tops dresses' (category: dresses)...
[2026-09-08 22:29:05] Scraping platforms for detailed prompt: 'Maheshvi Ribbed Henley Top dresses' (category: dresses)...
[2026-09-08 22:29:08] Scraping platforms for detailed prompt: 'SZN Peplum Top dresses' (category: dresses)...
[2026-09-08 22:29:11] Scraped 100 candidate live products across platforms.
[2026-09-08 22:29:11] Identified 100 completely new unique candidate products.
[2026-09-08 22:29:11] Step 2 & 3: Isolating cloth & computing Fashion-CLIP similarity for 100 scraped candidates...
[2026-09-08 22:29:25] Segmented & embedded cloth for [10/100] candidates...
[2026-09-08 22:29:32] Segmented & embedded cloth for [20/100] candidates...
[2026-09-08 22:29:38] Segmented & embedded cloth for [30/100] candidates...
[2026-09-08 22:29:46] Segmented & embedded cloth for [40/100] candidates...
[2026-09-08 22:29:53] Segmented & embedded cloth for [50/100] candidates...
[2026-09-08 22:30:01] Segmented & embedded cloth for [60/100] candidates...
[2026-09-08 22:30:09] Segmented & embedded cloth for [70/100] candidates...
[2026-09-08 22:30:16] Segmented & embedded cloth for [80/100] candidates...
[2026-09-08 22:30:23] Segmented & embedded cloth for [90/100] candidates...
[2026-09-08 22:30:30] Segmented & embedded cloth for [100/100] candidates...
[2026-09-08 22:30:30] Similarity filter complete: Retained top 40 of 100 candidates (Top 40% highest similarity matches).
[2026-09-08 22:30:30] Successfully added & indexed top 40 cloth-segmented products. Total catalog size: 267
[2026-09-08 22:40:21] Starting targeted scrape driven by liked & wardrobe items: category='tops', retailer='all'
[2026-09-08 22:40:21] Step 1: Generated 14 detailed search prompts from liked & wardrobe garments.
[2026-09-08 22:40:21] Scraping platforms for detailed prompt: 'anayna Floral Print Puff Sleeve Top tops' (category: tops)...
[2026-09-08 22:40:27] Scraping platforms for detailed prompt: 'DressBerry Print Top tops' (category: tops)...
[2026-09-08 22:40:34] Scraping platforms for detailed prompt: 'QIOA Peplum Crop Tops tops' (category: tops)...
[2026-09-08 22:40:40] Scraping platforms for detailed prompt: 'Maheshvi Ribbed Henley Top tops' (category: tops)...
[2026-09-08 22:40:45] Scraping platforms for detailed prompt: 'SZN Peplum Top tops' (category: tops)...
[2026-09-08 22:40:50] Scraped 100 candidate live products across platforms.
[2026-09-08 22:40:50] Identified 99 completely new unique candidate products.
[2026-09-08 22:40:50] Step 2 & 3: Isolating cloth & computing Fashion-CLIP similarity for 99 scraped candidates...
[2026-09-08 22:41:03] Segmented & embedded cloth for [10/99] candidates...
[2026-09-08 22:41:10] Segmented & embedded cloth for [20/99] candidates...
[2026-09-08 22:41:17] Segmented & embedded cloth for [30/99] candidates...
[2026-09-08 22:41:25] Segmented & embedded cloth for [40/99] candidates...
[2026-09-08 22:41:31] Segmented & embedded cloth for [50/99] candidates...
[2026-09-08 22:41:39] Segmented & embedded cloth for [60/99] candidates...
[2026-09-08 22:41:46] Segmented & embedded cloth for [70/99] candidates...
[2026-09-08 22:41:53] Segmented & embedded cloth for [80/99] candidates...
[2026-09-08 22:42:00] Segmented & embedded cloth for [90/99] candidates...
[2026-09-08 22:42:06] Segmented & embedded cloth for [99/99] candidates...
[2026-09-08 22:42:06] Similarity filter complete: Retained top 40 of 99 candidates (Top 40% highest similarity matches).
[2026-09-08 22:42:06] Successfully added & indexed top 40 cloth-segmented products. Total catalog size: 267
[2026-09-09 00:01:04] Loaded existing clean catalog with 267 unique items.
[2026-09-09 00:01:11] Loaded existing clean catalog with 267 unique items.
[2026-09-09 00:01:19] Loaded existing clean catalog with 267 unique items.
[2026-09-09 00:02:18] Loaded existing clean catalog with 267 unique items.
[2026-09-09 00:02:20] Starting targeted scrape driven by liked & wardrobe items: category='tops', retailer='all'
[2026-09-09 00:02:20] Purged 66 disliked products from catalog and updated FAISS index.
[2026-09-09 00:02:20] Step 1: Generated 14 detailed search prompts from liked & wardrobe garments.
[2026-09-09 00:02:20] Scraping platforms for detailed prompt: 'anayna Floral Print Puff Sleeve Top tops' (category: tops)...
[2026-09-09 00:02:25] Scraping platforms for detailed prompt: 'DressBerry Print Top tops' (category: tops)...
[2026-09-09 00:02:30] Scraping platforms for detailed prompt: 'QIOA Peplum Crop Tops tops' (category: tops)...
[2026-09-09 00:02:36] Scraping platforms for detailed prompt: 'Maheshvi Ribbed Henley Top tops' (category: tops)...
[2026-09-09 00:02:41] Scraping platforms for detailed prompt: 'SZN Peplum Top tops' (category: tops)...
[2026-09-09 00:02:48] Scraped 100 candidate live products across platforms.
[2026-09-09 00:02:48] Identified 59 completely new unique candidate products.
[2026-09-09 00:02:48] Step 2 & 3: Isolating cloth & computing Fashion-CLIP similarity for 59 scraped candidates...
[2026-09-09 00:03:00] Segmented & embedded cloth for [10/59] candidates...
[2026-09-09 00:03:06] Segmented & embedded cloth for [20/59] candidates...
[2026-09-09 00:03:12] Segmented & embedded cloth for [30/59] candidates...
[2026-09-09 00:03:18] Segmented & embedded cloth for [40/59] candidates...
[2026-09-09 00:03:25] Segmented & embedded cloth for [50/59] candidates...
[2026-09-09 00:03:30] Segmented & embedded cloth for [59/59] candidates...
[2026-09-09 00:03:30] Similarity filter complete: Retained top 24 of 59 candidates (Top 40% highest similarity matches).
[2026-09-09 00:03:31] Successfully added & indexed top 24 cloth-segmented products (marked as NEW). Total catalog size: 225
